TEST;FAULT_TYPE;COMPONENT;CLASS;FUNCTION;FAULT_POINT;ROUND_1;ASSERTION_R1;API_R1;ROUND_2;ASSERTION_R2;API_R2
Test_1;OPENSTACK_MISSING_FUNCTION_CALL-VOLUME;/nova/compute/manager.py;ComputeManager;do_attach_volume+4920;do_attach_volume(context, instance, driver_bdm);FAILURE;FAILURE_VOLUME_ATTACHED;;NO_FAILURE;;
Test_2;OPENSTACK_MISSING_FUNCTION_CALL-VOLUME;/nova/virt/libvirt/driver.py;LibvirtDriver;cleanup+1013;self._disconnect_volume(connection_info, disk_dev, instance);NO_FAILURE;;;NO_FAILURE;;
Test_3;OPENSTACK_WRONG_RETURN_VALUE-NETWORK;/nova/compute/api.py;API;_check_requested_networks+402;return self.network_api.validate_networks(context, requested_networks, max_count);FAILURE;; openstack server create ;FAILURE;FAILURE_INSTANCE_ACTIVE;
Test_4;OPENSTACK_WRONG_RETURN_VALUE-NETWORK;/nova/network/neutronv2/api.py;API;_validate_requested_network_ids+749;return {net['id']: net for net in nets};FAILURE;FAILURE_SSH;;NO_FAILURE;;
Test_5;OPENSTACK_WRONG_RETURN_VALUE-NETWORK;/nova/network/neutronv2/api.py;API;_get_available_networks+368;return nets;FAILURE;; openstack server create ;NO_FAILURE;;
Test_6;OPENSTACK_WRONG_RETURN_VALUE-NETWORK;/nova/network/neutronv2/api.py;API;validate_networks+1720;return num_instances;FAILURE;; openstack server create ;NO_FAILURE;;
Test_7;OPENSTACK_MISSING_FUNCTION_CALL-VOLUME;/nova/virt/libvirt/driver.py;LibvirtDriver;attach_volume+1275;self._check_discard_for_attach_volume(conf, instance);NO_FAILURE;;;NO_FAILURE;;
Test_8;OPENSTACK_WRONG_RETURN_VALUE-NETWORK;/nova/api/openstack/common.py;None;get_networks_for_instance+326;return get_networks_for_instance_from_nw_info(nw_info);NO_FAILURE;;;NO_FAILURE;;
Test_9;OPENSTACK_WRONG_RETURN_VALUE-NETWORK;/nova/api/openstack/common.py;None;get_networks_for_instance_from_nw_info+303;return networks;NO_FAILURE;;;NO_FAILURE;;
Test_10;OPENSTACK_WRONG_RETURN_VALUE-NETWORK;/nova/api/openstack/compute/servers.py;ServersController;_get_requested_networks+434;return objects.NetworkRequestList(objects=networks);NO_FAILURE;;;NO_FAILURE;;
Test_11;OPENSTACK_WRONG_RETURN_VALUE-NETWORK;/nova/virt/netutils.py;None;get_network_metadata+219;return {'links': links, 'networks': nets, 'services': services};NO_FAILURE;;;NO_FAILURE;;
Test_12;OPENSTACK_WRONG_RETURN_VALUE-NETWORK;/nova/virt/netutils.py;None;_get_first_network+53;return next((i for i in network['subnets'] if (i['version'] == version)));FAILURE;FAILURE_INSTANCE_ACTIVE;;NO_FAILURE;;
Test_13;OPENSTACK_WRONG_RETURN_VALUE-NETWORK;/nova/virt/osinfo.py;HardwareProperties;network_model+130;return ('virtio' if (model == 'virtio-net') else model);NO_FAILURE;;;NO_FAILURE;;
Test_14;OPENSTACK_WRONG_RETURN_VALUE-NETWORK;/nova/virt/libvirt/driver.py;LibvirtDriver;_create_domain_and_network+5457;return guest;NO_FAILURE;;;NO_FAILURE;;
Test_15;OPENSTACK_WRONG_RETURN_VALUE-NETWORK;/nova/objects/instance.py;Instance;get_network_info+1173;return self.info_cache.network_info;FAILURE;; openstack server create ;NO_FAILURE;;
Test_16;OPENSTACK_WRONG_PARAMETERS-INSTANCE;/nova/compute/api.py;API;create_db_entry_for_new_instance+1565;self._populate_instance_for_create(context, instance, image, index, security_group, instance_type, num_instances, shutdown_terminate);FAILURE;; openstack server create ;NO_FAILURE;;
Test_17;OPENSTACK_MISSING_FUNCTION_CALL-VOLUME;/nova/virt/libvirt/driver.py;LibvirtDriver;_get_ephemeral_devices+3936;self._connect_volume(connection_info, info, instance);FAILURE;FAILURE_INSTANCE_ACTIVE;;NO_FAILURE;;
Test_18;OPENSTACK_WRONG_PARAMETERS-INSTANCE;/nova/compute/manager.py;ComputeManager;_do_build_and_run_instance+1852;self._build_and_run_instance(context, instance, image, decoded_files, admin_password, requested_networks, security_groups, block_device_mapping, node, limits, filter_properties);FAILURE;FAILURE_INSTANCE_ACTIVE;;NO_FAILURE;;
Test_19;OPENSTACK_WRONG_PARAMETERS-INSTANCE;/nova/compute/manager.py;ComputeManager;_build_and_run_instance+1975;self._notify_about_instance_usage(context, instance, 'create.start', extra_usage_info={'image_name': image_name});FAILURE;FAILURE_INSTANCE_ACTIVE;;NO_FAILURE;;
Test_20;OPENSTACK_WRONG_PARAMETERS-INSTANCE;/nova/compute/manager.py;ComputeManager;_default_block_device_names+1555;self._default_device_names_for_instance(instance, root_device_name, ephemerals, swap, block_device_mapping);FAILURE;FAILURE_INSTANCE_ACTIVE;;NO_FAILURE;;
Test_21;OPENSTACK_WRONG_PARAMETERS-INSTANCE;/nova/compute/manager.py;ComputeManager;_default_device_names_for_instance+1497;self.driver.default_device_names_for_instance(instance, root_device_name, *block_device_lists);FAILURE;FAILURE_INSTANCE_ACTIVE;;NO_FAILURE;;
Test_22;OPENSTACK_MISSING_FUNCTION_CALL-VOLUME;/nova/compute/api.py;API;_check_attach_and_reserve_volume+3692;self.volume_api.reserve_volume(context, volume_id);NO_FAILURE;;;NO_FAILURE;;
Test_23;OPENSTACK_WRONG_PARAMETERS-INSTANCE;/nova/compute/manager.py;ComputeManager;_notify_about_instance_usage+1663;compute_utils.notify_about_instance_usage(self.notifier, context, instance, event_suffix, network_info=network_info, system_metadata=system_metadata, extra_usage_info=extra_usage_info, fault=fault);FAILURE;FAILURE_INSTANCE_ACTIVE;;NO_FAILURE;;
Test_24;OPENSTACK_WRONG_PARAMETERS-INSTANCE;/nova/compute/manager.py;ComputeManager;_build_and_run_instance+1977;compute_utils.notify_about_instance_create(context, instance, self.host, phase=fields.NotificationPhase.START);FAILURE;FAILURE_INSTANCE_ACTIVE;;NO_FAILURE;;
Test_25;OPENSTACK_WRONG_PARAMETERS-INSTANCE;/nova/compute/api.py;API;delete+2171;self._delete_instance(context, instance);NO_FAILURE;;;NO_FAILURE;;
Test_26;OPENSTACK_MISSING_FUNCTION_CALL-VOLUME;/nova/compute/api.py;API;_attach_volume+3707;self._check_attach_and_reserve_volume(context, volume_id, instance);NO_FAILURE;;;NO_FAILURE;;
Test_27;OPENSTACK_MISSING_FUNCTION_CALL-VOLUME;/nova/compute/api.py;API;_attach_volume+3708;self.compute_rpcapi.attach_volume(context, instance, volume_bdm);FAILURE;FAILURE_VOLUME_ATTACHED;;NO_FAILURE;;
Test_28;OPENSTACK_WRONG_PARAMETERS-INSTANCE;/nova/compute/manager.py;ComputeManager;reboot_instance+3085;compute_utils.notify_about_instance_action(context, instance, self.host, action=fields.NotificationAction.REBOOT, phase=fields.NotificationPhase.START);NO_FAILURE;;;NO_FAILURE;;
Test_29;OPENSTACK_WRONG_PARAMETERS-INSTANCE;/nova/compute/manager.py;ComputeManager;_build_and_run_instance+2128;self._update_scheduler_instance_info(context, instance);FAILURE;; openstack server add volume ;NO_FAILURE;;
Test_30;OPENSTACK_MISSING_FUNCTION_CALL-VOLUME;/nova/virt/libvirt/driver.py;LibvirtDriver;_connect_volume+1191;vol_driver.connect_volume(connection_info, disk_info, instance);FAILURE;FAILURE_VOLUME_ATTACHED;;NO_FAILURE;;
Test_31;OPENSTACK_WRONG_PARAMETERS-INSTANCE;/nova/scheduler/client/__init__.py;SchedulerClient;update_instance_info+71;self.queryclient.update_instance_info(context, host_name, instance_info);FAILURE;; openstack server add volume ;NO_FAILURE;;
Test_32;DISKIO_MISSING_FUNCTION_CALL-OPEN;/nova/virt/libvirt/host.py;Host;get_memory_mb_used+787;with open('/proc/meminfo') as fp:\n    m = fp.read().split();FAILURE;FAILURE_INSTANCE_ACTIVE;;FAILURE;FAILURE_INSTANCE_ACTIVE;
Test_33;OPENSTACK_THROW_EXCEPTION-VOLUME;/nova/virt/libvirt/driver.py;LibvirtDriver;_connect_volume+1191;vol_driver.connect_volume(connection_info, disk_info, instance);FAILURE;FAILURE_VOLUME_ATTACHED;;NO_FAILURE;;
Test_34;OPENSTACK_THROW_EXCEPTION-VOLUME;/nova/virt/libvirt/driver.py;LibvirtDriver;_disconnect_volume+1195;vol_driver.disconnect_volume(connection_info, disk_dev, instance);FAILURE;FAILURE_INSTANCE_ACTIVE;;NO_FAILURE;;
Test_35;OPENSTACK_THROW_EXCEPTION-VOLUME;/nova/block_device.py;BlockDeviceDict;_validate+121;validate_and_default_volume_size(bdm_dict);FAILURE;; openstack server create ;NO_FAILURE;;
Test_36;OPENSTACK_THROW_EXCEPTION-VOLUME;/nova/virt/block_device.py;DriverVolumeBlockDevice;attach+390;virt_driver.attach_volume(context, connection_info, instance, self['mount_device'], disk_bus=self['disk_bus'], device_type=self['device_type'], encryption=encryption);FAILURE;FAILURE_VOLUME_ATTACHED;;NO_FAILURE;;
Test_37;OPENSTACK_THROW_EXCEPTION-VOLUME;/nova/virt/libvirt/volume/iscsi.py;LibvirtISCSIVolumeDriver;disconnect_volume+79;super(LibvirtISCSIVolumeDriver, self).disconnect_volume(connection_info, disk_dev, instance);FAILURE;FAILURE_INSTANCE_ACTIVE;;NO_FAILURE;;
Test_38;OPENSTACK_THROW_EXCEPTION-VOLUME;/nova/virt/libvirt/volume/iscsi.py;LibvirtISCSIVolumeDriver;disconnect_volume+73;self.connector.disconnect_volume(connection_info['data'], None);FAILURE;FAILURE_INSTANCE_ACTIVE;;NO_FAILURE;;
Test_39;OPENSTACK_MISSING_FUNCTION_CALL-VOLUME;/nova/compute/manager.py;ComputeManager;_delete_instance+2467;self._cleanup_volumes(context, instance, bdms, raise_exc=False, detach=False);NO_FAILURE;;;NO_FAILURE;;
Test_40;OPENSTACK_THROW_EXCEPTION-VOLUME;/nova/virt/libvirt/driver.py;LibvirtDriver;attach_volume+1269;self._connect_volume(connection_info, disk_info, instance);FAILURE;FAILURE_VOLUME_ATTACHED;;NO_FAILURE;;
Test_41;OPENSTACK_THROW_EXCEPTION-VOLUME;/nova/virt/libvirt/driver.py;LibvirtDriver;cleanup+1013;self._disconnect_volume(connection_info, disk_dev, instance);FAILURE;FAILURE_INSTANCE_ACTIVE;;NO_FAILURE;;
Test_42;OPENSTACK_THROW_EXCEPTION-VOLUME;/nova/virt/libvirt/driver.py;LibvirtDriver;attach_volume+1275;self._check_discard_for_attach_volume(conf, instance);FAILURE;FAILURE_VOLUME_ATTACHED;;NO_FAILURE;;
Test_43;OPENSTACK_THROW_EXCEPTION-VOLUME;/nova/virt/libvirt/driver.py;LibvirtDriver;_get_ephemeral_devices+3936;self._connect_volume(connection_info, info, instance);FAILURE;FAILURE_INSTANCE_ACTIVE;;NO_FAILURE;;
Test_44;OPENSTACK_THROW_EXCEPTION-VOLUME;/nova/compute/api.py;API;_attach_volume+3707;self._check_attach_and_reserve_volume(context, volume_id, instance);FAILURE;; openstack server add volume ;NO_FAILURE;;
Test_45;OPENSTACK_MISSING_FUNCTION_CALL-VOLUME;/nova/compute/manager.py;ComputeManager;_attach_volume+4954;compute_utils.notify_about_volume_attach_detach(context, instance, self.host, action=fields.NotificationAction.VOLUME_ATTACH, phase=fields.NotificationPhase.END, volume_id=bdm.volume_id);NO_FAILURE;;;NO_FAILURE;;
Test_46;OPENSTACK_MISSING_FUNCTION_CALL-VOLUME;/nova/compute/manager.py;ComputeManager;_attach_volume+4928;compute_utils.notify_about_volume_attach_detach(context, instance, self.host, action=fields.NotificationAction.VOLUME_ATTACH, phase=fields.NotificationPhase.START, volume_id=bdm.volume_id);NO_FAILURE;;;NO_FAILURE;;
Test_47;OPENSTACK_MISSING_PARAMETERS-IMAGE;/nova/virt/libvirt/driver.py;LibvirtDriver;_create_images_and_backing+7225;self._try_fetch_image_cache(disk, libvirt_utils.fetch_image, context, cache_name, instance.image_ref, instance, info['virt_disk_size'], fallback_from_host);FAILURE;FAILURE_INSTANCE_ACTIVE;;NO_FAILURE;;
Test_48;OPENSTACK_MISSING_PARAMETERS-IMAGE;/nova/objects/request_spec.py;RequestSpec;from_components+416;spec_obj._image_meta_from_image(image);FAILURE;; openstack server create ;NO_FAILURE;;
Test_49;OPENSTACK_MISSING_FUNCTION_CALL-VOLUME;/nova/virt/libvirt/driver.py;LibvirtDriver;_disconnect_volume+1195;vol_driver.disconnect_volume(connection_info, disk_dev, instance);NO_FAILURE;;;NO_FAILURE;;
Test_50;OPENSTACK_MISSING_PARAMETERS-IMAGE;/nova/compute/api.py;API;_checks_for_create_and_rebuild+750;self._check_requested_image(context, image_id, image, instance_type, root_bdm);FAILURE;; openstack server create ;NO_FAILURE;;
Test_51;OPENSTACK_WRONG_PARAMETERS-SSH;/nova/crypto.py;None;generate_fingerprint+100;serialization.load_ssh_public_key(pub_bytes, backends.default_backend());FAILURE;; openstack keypair create ;NO_FAILURE;;
Test_52;OPENSTACK_WRONG_RETURN_VALUE-NETWORK;/nova/notifications/objects/instance.py;IpPayload;from_network_info+286;return ips;FAILURE;FAILURE_INSTANCE_ACTIVE;;NO_FAILURE;;
Test_53;NETIO_MISSING_FUNCTION_CALL-CLOSE;/nova/virt/libvirt/driver.py;LibvirtDriver;_supports_direct_io+3104;os.close(fd);NO_FAILURE;;;NO_FAILURE;;
Test_54;NETIO_MISSING_FUNCTION_CALL-CLOSE;/nova/virt/libvirt/driver.py;LibvirtDriver;_ensure_console_log_for_instance+3167;libvirt_utils.file_open(console_file, 'a').close();NO_FAILURE;;;NO_FAILURE;;
Test_55;NETIO_MISSING_FUNCTION_CALL-CLOSE;/nova/image/glance.py;GlanceImageServiceV2;download+381;data.close();NO_FAILURE;;;NO_FAILURE;;
Test_56;NETIO_MISSING_FUNCTION_CALL-CLOSE;/nova/db/sqlalchemy/api.py;DeleteFromSelect;_compute_node_fetchall+668;conn.close();NO_FAILURE;;;NO_FAILURE;;
Test_57;NETIO_MISSING_FUNCTION_CALL-SEND;/nova/compute/manager.py;ComputeManager;_process_instance_event+6982;_event.send(event);FAILURE;FAILURE_INSTANCE_ACTIVE;;NO_FAILURE;;
Test_58;OPENSTACK_WRONG_RETURN_VALUE-INSTANCE;/nova/db/sqlalchemy/api.py;DeleteFromSelect;instance_tag_get_by_instance_uuid+6928;return context.session.query(models.Tag).filter_by(resource_id=instance_uuid).all();NO_FAILURE;;;NO_FAILURE;;
Test_59;OPENSTACK_MISSING_PARAMETERS-IMAGE;/nova/virt/libvirt/driver.py;LibvirtDriver;_hard_reboot+2605;self._create_images_and_backing(context, instance, instance_dir, backing_disk_info);FAILURE;FAILURE_INSTANCE_ACTIVE;;NO_FAILURE;;
Test_60;OPENSTACK_WRONG_PARAMETERS-INSTANCE;/nova/compute/api.py;API;_create_instance+1170;self.compute_task_api.schedule_and_build_instances(context, build_requests=build_requests, request_spec=request_specs, image=boot_meta, admin_password=admin_password, injected_files=injected_files, requested_networks=requested_networks, block_device_mapping=block_device_mapping, tags=tags);FAILURE;; openstack server create ;NO_FAILURE;;
Test_61;OPENSTACK_WRONG_PARAMETERS-INSTANCE;/nova/conductor/api.py;ComputeTaskAPI;schedule_and_build_instances+130;self.conductor_compute_rpcapi.schedule_and_build_instances(context, build_requests, request_spec, image, admin_password, injected_files, requested_networks, block_device_mapping, tags);FAILURE;; openstack server create ;NO_FAILURE;;
Test_62;OPENSTACK_WRONG_PARAMETERS-INSTANCE;/nova/conductor/manager.py;ComputeTaskManager;schedule_and_build_instances+1109;objects.BuildRequest.get_by_instance_uuid(context, instance.uuid);FAILURE;FAILURE_INSTANCE_ACTIVE;;NO_FAILURE;;
Test_63;OPENSTACK_WRONG_PARAMETERS-INSTANCE;/nova/conductor/manager.py;ComputeTaskManager;schedule_and_build_instances+1201;self.compute_rpcapi.build_and_run_instance(cctxt, instance=instance, image=image, request_spec=request_spec, filter_properties=filter_props, admin_password=admin_password, injected_files=injected_files, requested_networks=requested_networks, security_groups=legacy_secgroups, block_device_mapping=instance_bdms, host=host['host'], node=host['nodename'], limits=host['limits']);FAILURE;FAILURE_INSTANCE_ACTIVE;;NO_FAILURE;;
Test_64;OPENSTACK_WRONG_RETURN_VALUE-INSTANCE;/nova/db/sqlalchemy/api.py;DeleteFromSelect;instance_extra_update_by_uuid+2926;return rows_updated;NO_FAILURE;;;NO_FAILURE;;
Test_65;OPENSTACK_WRONG_PARAMETERS-INSTANCE;/nova/conductor/manager.py;ComputeTaskManager;schedule_and_build_instances+1136;compute_utils.check_num_instances_quota(context, instance.flavor, 0, 0, orig_num_req=len(build_requests));FAILURE;FAILURE_INSTANCE_ACTIVE;;NO_FAILURE;;
Test_66;OPENSTACK_WRONG_PARAMETERS-INSTANCE;/nova/conductor/manager.py;ComputeTaskManager;_schedule_instances+633;scheduler_utils.setup_instance_group(context, request_spec);FAILURE;FAILURE_INSTANCE_ACTIVE;;NO_FAILURE;;
Test_67;OPENSTACK_WRONG_PARAMETERS-INSTANCE;/nova/compute/resource_tracker.py;ResourceTracker;_update_available_resource+751;self._pair_instances_to_migrations(migrations, instances);NO_FAILURE;;;NO_FAILURE;;
Test_68;OPENSTACK_WRONG_PARAMETERS-INSTANCE;/nova/compute/resource_tracker.py;ResourceTracker;_update_usage_from_instance+1085;self.pci_tracker.update_pci_for_instance(context, instance, sign=sign);NO_FAILURE;;;NO_FAILURE;;
Test_69;OPENSTACK_WRONG_PARAMETERS-INSTANCE;/nova/compute/resource_tracker.py;ResourceTracker;_update_usage_from_instances+1203;self._remove_deleted_instances_allocations(context, cn);NO_FAILURE;;;NO_FAILURE;;
Test_70;OPENSTACK_WRONG_PARAMETERS-INSTANCE;/nova/compute/resource_tracker.py;ResourceTracker;_update_usage_from_instances+1200;self._update_usage_from_instance(context, instance, nodename, require_allocation_refresh=require_allocation_refresh);NO_FAILURE;;;NO_FAILURE;;
Test_71;OPENSTACK_WRONG_PARAMETERS-INSTANCE;/nova/compute/resource_tracker.py;ResourceTracker;_update_available_resource+745;self._update_usage_from_instances(context, instances, nodename);NO_FAILURE;;;NO_FAILURE;;
Test_72;OPENSTACK_WRONG_PARAMETERS-INSTANCE;/nova/compute/resource_tracker.py;ResourceTracker;instance_claim+221;self.pci_tracker.claim_instance(context, pci_requests, instance_numa_topology);NO_FAILURE;;;NO_FAILURE;;
Test_73;OPENSTACK_WRONG_RETURN_VALUE-INSTANCE;/nova/db/sqlalchemy/api.py;DeleteFromSelect;_instance_metadata_get_multi+5304;return [];FAILURE;FAILURE_INSTANCE_ACTIVE;;NO_FAILURE;;
Test_74;OPENSTACK_WRONG_PARAMETERS-INSTANCE;/nova/compute/resource_tracker.py;ResourceTracker;update_usage+512;self._update_usage_from_instance(context, instance, nodename);NO_FAILURE;;;NO_FAILURE;;
Test_75;OPENSTACK_WRONG_PARAMETERS-INSTANCE;/nova/compute/resource_tracker.py;ResourceTracker;instance_claim+225;self._update_usage_from_instance(context, instance, nodename);NO_FAILURE;;;NO_FAILURE;;
Test_76;OPENSTACK_WRONG_PARAMETERS-INSTANCE;/nova/compute/api.py;API;external_instance_event+4295;self.compute_rpcapi.external_instance_event(cell_context, instances_by_host[host], events_by_host[host], host=host);FAILURE;FAILURE_INSTANCE_ACTIVE;;NO_FAILURE;;
Test_77;OPENSTACK_WRONG_PARAMETERS-INSTANCE;/nova/compute/api.py;API;_hard_reboot+2969;self.compute_rpcapi.reboot_instance(context, instance=instance, block_device_info=None, reboot_type='HARD');FAILURE;; openstack server reboot ;NO_FAILURE;;
Test_78;OPENSTACK_WRONG_PARAMETERS-INSTANCE;/nova/compute/api.py;API;_populate_instance_for_create+1513;self._populate_instance_names(instance, num_instances);FAILURE;; openstack server create ;FAILURE;FAILURE_INSTANCE_ACTIVE;
Test_79;OPENSTACK_WRONG_RETURN_VALUE-VOLUME;/nova/volume/cinder.py;None;_untranslate_volume_summary_view+194;return d;NO_FAILURE;;;NO_FAILURE;;
Test_80;OPENSTACK_WRONG_RETURN_VALUE-VOLUME;/nova/virt/block_device.py;DriverBlankBlockDevice;convert_volume+595;return convert_all_volumes(volume_bdm)[0];NO_FAILURE;;;NO_FAILURE;;
Test_81;OPENSTACK_WRONG_RETURN_VALUE-VOLUME;/nova/virt/block_device.py;DriverBlankBlockDevice;convert_all_volumes+588;return [vol for vol in itertools.chain(source_volume, source_snapshot, source_image, source_blank)];FAILURE;FAILURE_INSTANCE_ACTIVE;;NO_FAILURE;;
Test_82;OS_MISSING_FUNCTION_CALL-OS;/nova/image/glance.py;GlanceImageServiceV2;download+380;os.fsync(data.fileno());NO_FAILURE;;;NO_FAILURE;;
Test_83;OPENSTACK_MISSING_FUNCTION_CALL-IMAGE;/nova/virt/libvirt/imagebackend.py;Image;fetch_func_sync+247;self.resize_image(size);NO_FAILURE;;;NO_FAILURE;;
Test_84;OPENSTACK_MISSING_FUNCTION_CALL-IMAGE;/nova/virt/libvirt/driver.py;LibvirtDriver;_create_images_and_backing+7225;self._try_fetch_image_cache(disk, libvirt_utils.fetch_image, context, cache_name, instance.image_ref, instance, info['virt_disk_size'], fallback_from_host);NO_FAILURE;;;NO_FAILURE;;
Test_85;OPENSTACK_MISSING_FUNCTION_CALL-IMAGE;/nova/virt/libvirt/driver.py;LibvirtDriver;_hard_reboot+2605;self._create_images_and_backing(context, instance, instance_dir, backing_disk_info);NO_FAILURE;;;NO_FAILURE;;
Test_86;OPENSTACK_MISSING_FUNCTION_CALL-IMAGE;/nova/objects/request_spec.py;RequestSpec;from_components+416;spec_obj._image_meta_from_image(image);FAILURE;; openstack server create ;NO_FAILURE;;
Test_87;OPENSTACK_MISSING_FUNCTION_CALL-IMAGE;/nova/compute/api.py;API;_checks_for_create_and_rebuild+750;self._check_requested_image(context, image_id, image, instance_type, root_bdm);NO_FAILURE;;;NO_FAILURE;;
Test_88;OPENSTACK_WRONG_RETURN_VALUE-VOLUME;/nova/block_device.py;BlockDeviceDict;volume_in_mapping+586;return (strip_dev(mount_device) in block_device_list);FAILURE;FAILURE_SSH;;NO_FAILURE;;
Test_89;OPENSTACK_WRONG_RETURN_VALUE-VOLUME;/nova/virt/libvirt/driver.py;LibvirtDriver;_get_volume_driver+1187;return self.volume_drivers[driver_type];FAILURE;FAILURE_VOLUME_ATTACHED;;NO_FAILURE;;
Test_90;OPENSTACK_THROW_EXCEPTION-IMAGE;/nova/objects/request_spec.py;RequestSpec;from_components+416;spec_obj._image_meta_from_image(image);FAILURE;; openstack server create ;FAILURE;FAILURE_INSTANCE_ACTIVE;
Test_91;OPENSTACK_THROW_EXCEPTION-IMAGE;/nova/compute/api.py;API;_checks_for_create_and_rebuild+750;self._check_requested_image(context, image_id, image, instance_type, root_bdm);FAILURE;; openstack server create ;FAILURE;FAILURE_INSTANCE_ACTIVE;
Test_92;OPENSTACK_WRONG_RETURN_VALUE-VOLUME;/nova/virt/libvirt/driver.py;LibvirtDriver;_get_volume_config+1205;return conf;FAILURE;FAILURE_VOLUME_ATTACHED;;NO_FAILURE;;
Test_93;OPENSTACK_WRONG_RETURN_VALUE-INSTANCE;/nova/conductor/manager.py;ComputeTaskManager;_schedule_instances+636;return hosts;FAILURE;FAILURE_INSTANCE_ACTIVE;;FAILURE;FAILURE_INSTANCE_ACTIVE;
Test_94;OPENSTACK_WRONG_RETURN_VALUE-VOLUME;/nova/virt/libvirt/driver.py;LibvirtDriver;get_volume_connector+1140;return connector.get_connector_properties(root_helper, CONF.my_block_storage_ip, CONF.libvirt.volume_use_multipath, enforce_multipath=True, host=CONF.host);NO_FAILURE;;;NO_FAILURE;;
Test_95;OPENSTACK_WRONG_RETURN_VALUE-VOLUME;/nova/objects/block_device.py;BlockDeviceMapping;is_volume+269;return (self.destination_type == fields.BlockDeviceDestinationType.VOLUME);NO_FAILURE;;;NO_FAILURE;;
Test_96;OPENSTACK_WRONG_RETURN_VALUE-VOLUME;/nova/conductor/manager.py;ComputeTaskManager;_volume_size+958;return size;NO_FAILURE;;;NO_FAILURE;;
Test_97;OPENSTACK_WRONG_RETURN_VALUE-VOLUME;/nova/compute/api.py;API;_volume_size+1218;return size;NO_FAILURE;;;NO_FAILURE;;
Test_98;OPENSTACK_WRONG_RETURN_VALUE-VOLUME;/nova/compute/api.py;API;_attach_volume+3713;return volume_bdm.device_name;NO_FAILURE;;;NO_FAILURE;;
Test_99;OPENSTACK_WRONG_RETURN_VALUE-VOLUME;/nova/compute/api.py;API;_may_have_ports_or_volumes+1970;return False;NO_FAILURE;;;NO_FAILURE;;
Test_100;OPENSTACK_WRONG_RETURN_VALUE-VOLUME;/nova/compute/api.py;API;_check_attach_and_reserve_volume+3694;return volume;NO_FAILURE;;;NO_FAILURE;;
Test_101;OPENSTACK_WRONG_RETURN_VALUE-VOLUME;/nova/compute/api.py;API;attach_volume+3774;return self._attach_volume(context, instance, volume_id, device, disk_bus, device_type, tag=tag);NO_FAILURE;;;NO_FAILURE;;
Test_102;OPENSTACK_WRONG_RETURN_VALUE-VOLUME;/nova/compute/api.py;API;_create_volume_bdm+3686;return volume_bdm;FAILURE;; openstack server add volume ;NO_FAILURE;;
Test_103;OPENSTACK_MISSING_PARAMETERS-SSH;/nova/crypto.py;None;generate_fingerprint+100;serialization.load_ssh_public_key(pub_bytes, backends.default_backend());FAILURE;; openstack keypair create ;FAILURE;FAILURE_INSTANCE_ACTIVE;
Test_104;OPENSTACK_WRONG_RETURN_VALUE-INSTANCE;/nova/db/sqlalchemy/api.py;DeleteFromSelect;instance_extra_get_by_instance_uuid+2940;return instance_extra;NO_FAILURE;;;NO_FAILURE;;
Test_105;OPENSTACK_MISSING_PARAMETERS-INSTANCE;/nova/network/neutronv2/api.py;API;deallocate_for_instance+1207;objects.VirtualInterface.delete_by_instance_uuid(context, instance.uuid);NO_FAILURE;;;NO_FAILURE;;
Test_106;OPENSTACK_MISSING_PARAMETERS-INSTANCE;/nova/network/neutronv2/api.py;API;deallocate_for_instance+1214;base_api.update_instance_cache_with_nw_info(self, context, instance, network_model.NetworkInfo([]));NO_FAILURE;;;NO_FAILURE;;
Test_107;OPENSTACK_MISSING_PARAMETERS-INSTANCE;/nova/api/openstack/compute/servers.py;ServersController;_get_servers+326;req.cache_db_instances(instance_list);FAILURE;FAILURE_INSTANCE_ACTIVE;;NO_FAILURE;;
Test_108;OPENSTACK_MISSING_PARAMETERS-INSTANCE;/nova/api/openstack/compute/servers.py;ServersController;create+637;req.cache_db_instances(instances);FAILURE;; openstack server create ;NO_FAILURE;;
Test_109;OPENSTACK_MISSING_PARAMETERS-INSTANCE;/nova/api/openstack/compute/servers.py;ServersController;_get_server+347;req.cache_db_instance(instance);FAILURE;; openstack server create ;NO_FAILURE;;
Test_110;OPENSTACK_MISSING_PARAMETERS-INSTANCE;/nova/objects/request_spec.py;RequestSpec;from_components+418;spec_obj._from_instance_pci_requests(pci_requests);FAILURE;; openstack server create ;FAILURE;FAILURE_INSTANCE_ACTIVE;
Test_111;OPENSTACK_MISSING_PARAMETERS-INSTANCE;/nova/objects/request_spec.py;RequestSpec;from_components+419;spec_obj._from_instance_numa_topology(numa_topology);FAILURE;; openstack server create ;FAILURE;FAILURE_INSTANCE_ACTIVE;
Test_112;OPENSTACK_MISSING_PARAMETERS-INSTANCE;/nova/virt/libvirt/driver.py;LibvirtDriver;unfilter_instance+7519;self.firewall_driver.unfilter_instance(instance, network_info=network_info);NO_FAILURE;;;NO_FAILURE;;
Test_113;OPENSTACK_WRONG_PARAMETERS-NETWORK;/nova/network/neutronv2/api.py;API;_get_available_networks+363;_ensure_requested_network_ordering((lambda x: x['id']), nets, net_ids);FAILURE;; openstack server create ;NO_FAILURE;;
Test_114;OPENSTACK_MISSING_PARAMETERS-INSTANCE;/nova/objects/build_request.py;BuildRequest;_from_db_object+162;req._load_instance(db_req['instance']);FAILURE;; openstack server create ;FAILURE;FAILURE_INSTANCE_ACTIVE;
Test_115;OPENSTACK_MISSING_PARAMETERS-INSTANCE;/nova/objects/instance.py;Instance;_handle_cell_update_from_api+749;db.instance_extra_update_by_uuid(context, self.uuid, self._extra_values_to_save);FAILURE;FAILURE_INSTANCE_ACTIVE;;NO_FAILURE;;
Test_116;OPENSTACK_MISSING_PARAMETERS-INSTANCE;/nova/virt/libvirt/driver.py;LibvirtDriver;cleanup+945;self.unfilter_instance(instance, network_info);FAILURE;FAILURE_INSTANCE_ACTIVE;;NO_FAILURE;;
Test_117;OPENSTACK_MISSING_PARAMETERS-INSTANCE;/nova/db/sqlalchemy/api.py;DeleteFromSelect;_get_sec_group_models+1830;ec2_instance_create(context, instance_ref['uuid']);FAILURE;FAILURE_INSTANCE_ACTIVE;;FAILURE;FAILURE_SSH;
Test_118;OPENSTACK_MISSING_PARAMETERS-INSTANCE;/nova/db/sqlalchemy/api.py;DeleteFromSelect;instance_tag_get_by_instance_uuid+6927;_check_instance_exists_in_project(context, instance_uuid);NO_FAILURE;;;NO_FAILURE;;
Test_119;OPENSTACK_MISSING_PARAMETERS-INSTANCE;/nova/db/sqlalchemy/api.py;DeleteFromSelect;_instance_update+2811;_instance_metadata_update_in_place(context, instance_ref, 'system_metadata', models.InstanceSystemMetadata, system_metadata);FAILURE;FAILURE_INSTANCE_ACTIVE;;NO_FAILURE;;
Test_120;OPENSTACK_MISSING_PARAMETERS-INSTANCE;/nova/conductor/api.py;ComputeTaskAPI;schedule_and_build_instances+130;self.conductor_compute_rpcapi.schedule_and_build_instances(context, build_requests, request_spec, image, admin_password, injected_files, requested_networks, block_device_mapping, tags);FAILURE;; openstack server create ;NO_FAILURE;;
Test_121;OPENSTACK_MISSING_PARAMETERS-INSTANCE;/nova/conductor/manager.py;ComputeTaskManager;schedule_and_build_instances+1136;compute_utils.check_num_instances_quota(context, instance.flavor, 0, 0, orig_num_req=len(build_requests));FAILURE;FAILURE_INSTANCE_ACTIVE;;NO_FAILURE;;
Test_122;OPENSTACK_MISSING_PARAMETERS-INSTANCE;/nova/conductor/manager.py;ComputeTaskManager;schedule_and_build_instances+1201;self.compute_rpcapi.build_and_run_instance(cctxt, instance=instance, image=image, request_spec=request_spec, filter_properties=filter_props, admin_password=admin_password, injected_files=injected_files, requested_networks=requested_networks, security_groups=legacy_secgroups, block_device_mapping=instance_bdms, host=host['host'], node=host['nodename'], limits=host['limits']);FAILURE;FAILURE_INSTANCE_ACTIVE;;NO_FAILURE;;
Test_123;OPENSTACK_MISSING_PARAMETERS-INSTANCE;/nova/conductor/manager.py;ComputeTaskManager;_schedule_instances+633;scheduler_utils.setup_instance_group(context, request_spec);FAILURE;FAILURE_INSTANCE_ACTIVE;;NO_FAILURE;;
Test_124;OPENSTACK_MISSING_PARAMETERS-INSTANCE;/nova/conductor/manager.py;ComputeTaskManager;schedule_and_build_instances+1109;objects.BuildRequest.get_by_instance_uuid(context, instance.uuid);FAILURE;FAILURE_INSTANCE_ACTIVE;;NO_FAILURE;;
Test_125;OPENSTACK_MISSING_PARAMETERS-INSTANCE;/nova/compute/resource_tracker.py;ResourceTracker;_update_usage_from_instances+1200;self._update_usage_from_instance(context, instance, nodename, require_allocation_refresh=require_allocation_refresh);NO_FAILURE;;;NO_FAILURE;;
Test_126;OPENSTACK_MISSING_PARAMETERS-INSTANCE;/nova/compute/resource_tracker.py;ResourceTracker;update_usage+512;self._update_usage_from_instance(context, instance, nodename);NO_FAILURE;;;NO_FAILURE;;
Test_127;OPENSTACK_MISSING_PARAMETERS-INSTANCE;/nova/compute/resource_tracker.py;ResourceTracker;_update_usage_from_instances+1203;self._remove_deleted_instances_allocations(context, cn);NO_FAILURE;;;NO_FAILURE;;
Test_128;OPENSTACK_MISSING_PARAMETERS-INSTANCE;/nova/compute/resource_tracker.py;ResourceTracker;_update_available_resource+751;self._pair_instances_to_migrations(migrations, instances);NO_FAILURE;;;NO_FAILURE;;
Test_129;OPENSTACK_MISSING_PARAMETERS-INSTANCE;/nova/compute/resource_tracker.py;ResourceTracker;_update_available_resource+745;self._update_usage_from_instances(context, instances, nodename);NO_FAILURE;;;NO_FAILURE;;
Test_130;OPENSTACK_WRONG_RETURN_VALUE-INSTANCE;/nova/quota.py;QuotaEngine;_instances_cores_ram_count+1903;return total_counts;FAILURE;; openstack server create ;NO_FAILURE;;
Test_131;OPENSTACK_WRONG_RETURN_VALUE-INSTANCE;/nova/utils.py;UndoManager;instance_sys_meta+866;return instance['system_metadata'];FAILURE;FAILURE_INSTANCE_ACTIVE;;NO_FAILURE;;
Test_132;OPENSTACK_WRONG_RETURN_VALUE-INSTANCE;/nova/utils.py;UndoManager;instance_sys_meta+868;return metadata_to_dict(instance['system_metadata'], include_deleted=True);FAILURE;FAILURE_INSTANCE_ACTIVE;;NO_FAILURE;;
Test_133;OPENSTACK_WRONG_RETURN_VALUE-INSTANCE;/nova/notifications/objects/instance.py;BlockDevicePayload;from_instance+352;return None;NO_FAILURE;;;NO_FAILURE;;
Test_134;OPENSTACK_WRONG_RETURN_VALUE-INSTANCE;/nova/consoleauth/manager.py;ConsoleAuthManager;mc_instance+61;return self._mc_instance;NO_FAILURE;;;NO_FAILURE;;
Test_135;OPENSTACK_WRONG_RETURN_VALUE-INSTANCE;/nova/consoleauth/manager.py;ConsoleAuthManager;_get_tokens_for_instance+74;return tokens;NO_FAILURE;;;NO_FAILURE;;
Test_136;OPENSTACK_WRONG_RETURN_VALUE-INSTANCE;/nova/compute/utils.py;None;check_num_instances_quota+816;return max_count;FAILURE;; openstack server create ;FAILURE;FAILURE_INSTANCE_ACTIVE;
Test_137;OPENSTACK_WRONG_RETURN_VALUE-INSTANCE;/nova/consoleauth/rpcapi.py;ConsoleAuthAPI;delete_tokens_for_instance+101;return cctxt.cast(ctxt, 'delete_tokens_for_instance', instance_uuid=instance_uuid);NO_FAILURE;;;NO_FAILURE;;
Test_138;OPENSTACK_WRONG_RETURN_VALUE-INSTANCE;/nova/availability_zones.py;None;get_instance_availability_zone+196;return az;NO_FAILURE;;;NO_FAILURE;;
Test_139;OPENSTACK_WRONG_RETURN_VALUE-INSTANCE;/nova/availability_zones.py;None;get_instance_availability_zone+173;return az;NO_FAILURE;;;NO_FAILURE;;
Test_140;OPENSTACK_WRONG_RETURN_VALUE-INSTANCE;/nova/block_device.py;BlockDeviceDict;instance_block_mapping+559;return mappings;NO_FAILURE;;;NO_FAILURE;;
Test_141;OPENSTACK_WRONG_RETURN_VALUE-INSTANCE;/nova/network/security_group/neutron_driver.py;SecurityGroupAPI;get_instances_security_groups_bindings+405;return instances_security_group_bindings;NO_FAILURE;;;NO_FAILURE;;
Test_142;OPENSTACK_WRONG_RETURN_VALUE-INSTANCE;/nova/network/security_group/neutron_driver.py;SecurityGroupAPI;get_instance_security_groups+415;return sg_bindings.get(instance.uuid, []);FAILURE;FAILURE_SSH;;NO_FAILURE;;
Test_143;OPENSTACK_WRONG_RETURN_VALUE-INSTANCE;/nova/api/metadata/handler.py;MetadataRequestHandler;_handle_instance_id_request+177;return self._get_meta_by_instance_id(instance_id, tenant_id, remote_address);FAILURE;FAILURE_SSH;;NO_FAILURE;;
Test_144;OPENSTACK_WRONG_RETURN_VALUE-INSTANCE;/nova/compute/api.py;API;_get_instance_map_or_none+2267;return inst_map;FAILURE;; openstack server create ;NO_FAILURE;;
Test_145;OPENSTACK_WRONG_RETURN_VALUE-INSTANCE;/nova/utils.py;UndoManager;instance_meta+857;return instance['metadata'];NO_FAILURE;;;NO_FAILURE;;
Test_146;OPENSTACK_WRONG_RETURN_VALUE-INSTANCE;/nova/utils.py;UndoManager;instance_meta+859;return metadata_to_dict(instance['metadata']);NO_FAILURE;;;NO_FAILURE;;
Test_147;OPENSTACK_WRONG_RETURN_VALUE-INSTANCE;/nova/utils.py;UndoManager;instance_sys_meta+864;return {};NO_FAILURE;;;NO_FAILURE;;
Test_148;OPENSTACK_MISSING_PARAMETERS-INSTANCE;/nova/compute/manager.py;ComputeManager;_build_and_run_instance+1977;compute_utils.notify_about_instance_create(context, instance, self.host, phase=fields.NotificationPhase.START);FAILURE;FAILURE_INSTANCE_ACTIVE;;NO_FAILURE;;
Test_149;OPENSTACK_MISSING_PARAMETERS-INSTANCE;/nova/compute/manager.py;ComputeManager;_complete_deletion+760;compute_utils.notify_about_instance_action(context, instance, self.host, action=fields.NotificationAction.DELETE, phase=fields.NotificationPhase.END);NO_FAILURE;;;NO_FAILURE;;
Test_150;OPENSTACK_MISSING_PARAMETERS-INSTANCE;/nova/compute/manager.py;ComputeManager;_build_and_run_instance+2115;self._update_instance_after_spawn(context, instance);FAILURE;FAILURE_INSTANCE_ACTIVE;;NO_FAILURE;;
Test_151;OPENSTACK_WRONG_RETURN_VALUE-INSTANCE;/nova/compute/api.py;API;_get_instance+2312;return instance;FAILURE;; openstack server create ;NO_FAILURE;;
Test_152;OPENSTACK_MISSING_PARAMETERS-INSTANCE;/nova/compute/manager.py;ComputeManager;_build_and_run_instance+1975;self._notify_about_instance_usage(context, instance, 'create.start', extra_usage_info={'image_name': image_name});FAILURE;FAILURE_INSTANCE_ACTIVE;;NO_FAILURE;;
Test_153;OPENSTACK_MISSING_PARAMETERS-INSTANCE;/nova/compute/manager.py;ComputeManager;_do_build_and_run_instance+1852;self._build_and_run_instance(context, instance, image, decoded_files, admin_password, requested_networks, security_groups, block_device_mapping, node, limits, filter_properties);FAILURE;FAILURE_INSTANCE_ACTIVE;;NO_FAILURE;;
Test_154;OPENSTACK_MISSING_PARAMETERS-INSTANCE;/nova/compute/manager.py;ComputeManager;_default_device_names_for_instance+1497;self.driver.default_device_names_for_instance(instance, root_device_name, *block_device_lists);FAILURE;FAILURE_INSTANCE_ACTIVE;;NO_FAILURE;;
Test_155;OPENSTACK_MISSING_PARAMETERS-INSTANCE;/nova/compute/manager.py;ComputeManager;_build_and_run_instance+2129;self._notify_about_instance_usage(context, instance, 'create.end', extra_usage_info={'message': _('Success')}, network_info=network_info);FAILURE;; openstack server add volume ;NO_FAILURE;;
Test_156;OPENSTACK_MISSING_PARAMETERS-NETWORK;/nova/network/neutronv2/api.py;API;_get_available_networks+363;_ensure_requested_network_ordering((lambda x: x['id']), nets, net_ids);FAILURE;; openstack server create ;FAILURE;FAILURE_INSTANCE_ACTIVE;
Test_157;OPENSTACK_MISSING_PARAMETERS-NETWORK;/nova/api/openstack/compute/servers.py;ServersController;_get_requested_networks+422;self._validate_network_id(request.network_id, network_uuids);FAILURE;; openstack server create ;FAILURE;FAILURE_INSTANCE_ACTIVE;
Test_158;OPENSTACK_WRONG_RETURN_VALUE-INSTANCE;/nova/db/sqlalchemy/api.py;DeleteFromSelect;block_device_mapping_get_all_by_instance_uuids+4213;return _block_device_mapping_get_query(context).filter(models.BlockDeviceMapping.instance_uuid.in_(instance_uuids)).all();NO_FAILURE;;;NO_FAILURE;;
Test_159;OPENSTACK_MISSING_FUNCTION_CALL-INSTANCE;/nova/notifications/base.py;None;send_update+137;send_instance_update_notification(context, new_instance, service=service, host=host, old_display_name=old_display_name);NO_FAILURE;;;NO_FAILURE;;
Test_160;OPENSTACK_MISSING_FUNCTION_CALL-INSTANCE;/nova/notifications/base.py;None;send_instance_update_notification+251;_send_versioned_instance_update(context, instance, payload, host, service);NO_FAILURE;;;NO_FAILURE;;
Test_161;OPENSTACK_MISSING_FUNCTION_CALL-INSTANCE;/nova/network/base_api.py;NetworkAPI;get_instance_nw_info+261;update_instance_cache_with_nw_info(self, context, instance, nw_info=result, update_cells=update_cells);FAILURE;FAILURE_SSH;;NO_FAILURE;;
Test_162;OPENSTACK_MISSING_FUNCTION_CALL-INSTANCE;/nova/network/base_api.py;None;wrapper+84;update_instance_cache_with_nw_info(self, context, instance, nw_info=res);NO_FAILURE;;;NO_FAILURE;;
Test_163;OPENSTACK_WRONG_RETURN_VALUE-INSTANCE;/nova/db/sqlalchemy/api.py;DeleteFromSelect;block_device_mapping_get_all_by_instance+4220;return _block_device_mapping_get_query(context).filter_by(instance_uuid=instance_uuid).all();NO_FAILURE;;;NO_FAILURE;;
Test_164;OPENSTACK_MISSING_FUNCTION_CALL-INSTANCE;/nova/network/neutronv2/api.py;API;deallocate_for_instance+1214;base_api.update_instance_cache_with_nw_info(self, context, instance, network_model.NetworkInfo([]));NO_FAILURE;;;NO_FAILURE;;
Test_165;OPENSTACK_MISSING_FUNCTION_CALL-INSTANCE;/nova/network/neutronv2/api.py;API;_get_instance_nw_info+1319;compute_utils.refresh_info_cache_for_instance(context, instance);NO_FAILURE;;;NO_FAILURE;;
Test_166;OPENSTACK_MISSING_FUNCTION_CALL-INSTANCE;/nova/network/neutronv2/api.py;API;deallocate_for_instance+1207;objects.VirtualInterface.delete_by_instance_uuid(context, instance.uuid);NO_FAILURE;;;NO_FAILURE;;
Test_167;OPENSTACK_MISSING_FUNCTION_CALL-INSTANCE;/nova/api/openstack/compute/servers.py;ServersController;_get_server+347;req.cache_db_instance(instance);FAILURE;; openstack server create ;NO_FAILURE;;
Test_168;URLPARSE_MISSING_FUNCTION_CALL-URLSPLIT_IN_VAR;/nova/api/openstack/common.py;None;remove_trailing_version_from_href+266;parsed_url = urlparse.urlsplit(href);FAILURE;; openstack server create ;NO_FAILURE;;
Test_169;OPENSTACK_MISSING_FUNCTION_CALL-INSTANCE;/nova/notifications/base.py;None;send_update_with_states+179;send_instance_update_notification(context, instance, old_vm_state=old_vm_state, old_task_state=old_task_state, new_vm_state=new_vm_state, new_task_state=new_task_state, service=service, host=host);NO_FAILURE;;;NO_FAILURE;;
Test_170;OPENSTACK_WRONG_PARAMETERS-NETWORK;/nova/api/openstack/compute/servers.py;ServersController;_get_requested_networks+422;self._validate_network_id(request.network_id, network_uuids);FAILURE;; openstack server create ;NO_FAILURE;;
Test_171;OPENSTACK_WRONG_RETURN_VALUE-INSTANCE;/nova/compute/api.py;API;_provision_instances+989;return instances_to_build;FAILURE;; openstack server create ;NO_FAILURE;;
Test_172;OPENSTACK_MISSING_FUNCTION_CALL-INSTANCE;/nova/conductor/api.py;ComputeTaskAPI;schedule_and_build_instances+130;self.conductor_compute_rpcapi.schedule_and_build_instances(context, build_requests, request_spec, image, admin_password, injected_files, requested_networks, block_device_mapping, tags);FAILURE;FAILURE_INSTANCE_ACTIVE;;FAILURE;FAILURE_INSTANCE_ACTIVE;
Test_173;OPENSTACK_MISSING_FUNCTION_CALL-INSTANCE;/nova/conductor/manager.py;ComputeTaskManager;schedule_and_build_instances+1201;self.compute_rpcapi.build_and_run_instance(cctxt, instance=instance, image=image, request_spec=request_spec, filter_properties=filter_props, admin_password=admin_password, injected_files=injected_files, requested_networks=requested_networks, security_groups=legacy_secgroups, block_device_mapping=instance_bdms, host=host['host'], node=host['nodename'], limits=host['limits']);FAILURE;FAILURE_INSTANCE_ACTIVE;;NO_FAILURE;;
Test_174;OPENSTACK_MISSING_FUNCTION_CALL-INSTANCE;/nova/objects/request_spec.py;RequestSpec;from_components+418;spec_obj._from_instance_pci_requests(pci_requests);FAILURE;; openstack server create ;NO_FAILURE;;
Test_175;OPENSTACK_MISSING_FUNCTION_CALL-INSTANCE;/nova/objects/build_request.py;BuildRequest;_from_db_object+162;req._load_instance(db_req['instance']);FAILURE;; openstack server create ;NO_FAILURE;;
Test_176;OPENSTACK_WRONG_RETURN_VALUE-INSTANCE;/nova/api/metadata/handler.py;MetadataRequestHandler;get_metadata_by_instance_id+79;return data;FAILURE;FAILURE_SSH;;NO_FAILURE;;
Test_177;OPENSTACK_WRONG_RETURN_VALUE-INSTANCE;/nova/api/metadata/handler.py;MetadataRequestHandler;_get_meta_by_instance_id+304;return meta_data;FAILURE;FAILURE_SSH;;NO_FAILURE;;
Test_178;OPENSTACK_WRONG_RETURN_VALUE-INSTANCE;/nova/api/metadata/handler.py;MetadataRequestHandler;get_metadata_by_instance_id+89;return data;FAILURE;FAILURE_SSH;;NO_FAILURE;;
Test_179;OPENSTACK_WRONG_RETURN_VALUE-INSTANCE;/nova/network/neutronv2/api.py;API;_get_instance_nw_info+1323;return network_model.NetworkInfo.hydrate(nw_info);FAILURE;FAILURE_INSTANCE_ACTIVE;;FAILURE;; nova list 
Test_180;OPENSTACK_WRONG_RETURN_VALUE-INSTANCE;/nova/api/metadata/base.py;RouteConfiguration;get_metadata_by_instance_id+709;return InstanceMetadata(instance, address);FAILURE;FAILURE_SSH;;NO_FAILURE;;
Test_181;OPENSTACK_WRONG_RETURN_VALUE-INSTANCE;/nova/api/metadata/base.py;RouteConfiguration;_format_instance_mapping+715;return block_device.instance_block_mapping(instance, bdms);NO_FAILURE;;;NO_FAILURE;;
Test_182;OPENSTACK_WRONG_RETURN_VALUE-INSTANCE;/nova/api/ec2/ec2utils.py;None;get_int_id_from_instance_uuid+301;return imap.id;NO_FAILURE;;;NO_FAILURE;;
Test_183;OPENSTACK_WRONG_RETURN_VALUE-INSTANCE;/nova/compute/api.py;API;_bdm_validate_set_size_and_instance+1275;return instance_block_device_mapping;FAILURE;; openstack server create ;FAILURE;FAILURE_INSTANCE_ACTIVE;
Test_184;OPENSTACK_WRONG_RETURN_VALUE-INSTANCE;/nova/network/neutronv2/api.py;API;_ports_needed_per_instance+1684;return ports_needed_per_instance;NO_FAILURE;;;NO_FAILURE;;
Test_185;OPENSTACK_WRONG_RETURN_VALUE-INSTANCE;/nova/api/ec2/ec2utils.py;None;get_ip_info_for_instance_from_nw_info+159;return ip_info;FAILURE;FAILURE_SSH;;NO_FAILURE;;
Test_186;OPENSTACK_WRONG_RETURN_VALUE-INSTANCE;/nova/api/openstack/wsgi.py;Request;get_db_instances+133;return self.get_db_items('instances');FAILURE;; nova list ;NO_FAILURE;;
Test_187;OPENSTACK_WRONG_RETURN_VALUE-INSTANCE;/nova/api/openstack/compute/extended_volumes.py;ExtendedVolumesController;_get_instance_bdms+86;return bdms.get(server['id'], []);FAILURE;; openstack server create ;NO_FAILURE;;
Test_188;OPENSTACK_WRONG_RETURN_VALUE-INSTANCE;/nova/api/openstack/wsgi.py;Request;get_db_instance+136;return self.get_db_item('instances', instance_uuid);FAILURE;; openstack server create ;NO_FAILURE;;
Test_189;OPENSTACK_WRONG_RETURN_VALUE-INSTANCE;/nova/api/openstack/common.py;ViewBuilder;get_instance+477;return compute_api.get(context, instance_id, expected_attrs=expected_attrs);FAILURE;; openstack server create ;NO_FAILURE;;
Test_190;OPENSTACK_MISSING_PARAMETERS-INSTANCE;/nova/compute/api.py;API;_create_instance+1170;self.compute_task_api.schedule_and_build_instances(context, build_requests=build_requests, request_spec=request_specs, image=boot_meta, admin_password=admin_password, injected_files=injected_files, requested_networks=requested_networks, block_device_mapping=block_device_mapping, tags=tags);FAILURE;; openstack server create ;NO_FAILURE;;
Test_191;OPENSTACK_MISSING_PARAMETERS-INSTANCE;/nova/compute/manager.py;ComputeManager;_default_block_device_names+1555;self._default_device_names_for_instance(instance, root_device_name, ephemerals, swap, block_device_mapping);FAILURE;FAILURE_INSTANCE_ACTIVE;;NO_FAILURE;;
Test_192;OPENSTACK_MISSING_PARAMETERS-INSTANCE;/nova/compute/api.py;API;delete+2171;self._delete_instance(context, instance);NO_FAILURE;;;NO_FAILURE;;
Test_193;OPENSTACK_MISSING_PARAMETERS-VOLUME;/nova/block_device.py;BlockDeviceDict;_validate+121;validate_and_default_volume_size(bdm_dict);FAILURE;; openstack server create ;FAILURE;FAILURE_INSTANCE_ACTIVE;
Test_194;OPENSTACK_MISSING_PARAMETERS-INSTANCE;/nova/compute/manager.py;ComputeManager;_notify_about_instance_usage+1663;compute_utils.notify_about_instance_usage(self.notifier, context, instance, event_suffix, network_info=network_info, system_metadata=system_metadata, extra_usage_info=extra_usage_info, fault=fault);FAILURE;FAILURE_INSTANCE_ACTIVE;;NO_FAILURE;;
Test_195;OPENSTACK_MISSING_PARAMETERS-INSTANCE;/nova/compute/api.py;API;_populate_instance_for_create+1513;self._populate_instance_names(instance, num_instances);FAILURE;; openstack server create ;FAILURE;FAILURE_INSTANCE_ACTIVE;
Test_196;OPENSTACK_MISSING_PARAMETERS-INSTANCE;/nova/compute/api.py;API;create_db_entry_for_new_instance+1565;self._populate_instance_for_create(context, instance, image, index, security_group, instance_type, num_instances, shutdown_terminate);FAILURE;; openstack server create ;FAILURE;FAILURE_INSTANCE_ACTIVE;
Test_197;OPENSTACK_MISSING_FUNCTION_CALL-INSTANCE;/nova/compute/manager.py;ComputeManager;_notify_about_instance_usage+1663;compute_utils.notify_about_instance_usage(self.notifier, context, instance, event_suffix, network_info=network_info, system_metadata=system_metadata, extra_usage_info=extra_usage_info, fault=fault);NO_FAILURE;;;NO_FAILURE;;
Test_198;OPENSTACK_MISSING_FUNCTION_CALL-INSTANCE;/nova/compute/manager.py;ComputeManager;_build_and_run_instance+1977;compute_utils.notify_about_instance_create(context, instance, self.host, phase=fields.NotificationPhase.START);NO_FAILURE;;;NO_FAILURE;;
Test_199;OPENSTACK_MISSING_FUNCTION_CALL-INSTANCE;/nova/compute/manager.py;ComputeManager;_deallocate_network+1680;self.network_api.deallocate_for_instance(context, instance, requested_networks=requested_networks);NO_FAILURE;;;NO_FAILURE;;
Test_200;OPENSTACK_MISSING_FUNCTION_CALL-INSTANCE;/nova/compute/manager.py;ComputeManager;_delete_instance+2432;self._notify_about_instance_usage(context, instance, 'delete.start');NO_FAILURE;;;NO_FAILURE;;
Test_201;OPENSTACK_MISSING_FUNCTION_CALL-INSTANCE;/nova/compute/manager.py;ComputeManager;_build_and_run_instance+2132;compute_utils.notify_about_instance_create(context, instance, self.host, phase=fields.NotificationPhase.END);NO_FAILURE;;;NO_FAILURE;;
Test_202;OPENSTACK_WRONG_RETURN_VALUE-INSTANCE;/nova/compute/api.py;API;create_db_entry_for_new_instance+1572;return instance;FAILURE;; openstack server create ;FAILURE;FAILURE_INSTANCE_ACTIVE;
Test_203;OPENSTACK_MISSING_FUNCTION_CALL-INSTANCE;/nova/compute/manager.py;ComputeManager;_build_and_run_instance+2115;self._update_instance_after_spawn(context, instance);FAILURE;FAILURE_INSTANCE_ACTIVE;;NO_FAILURE;;
Test_204;OPENSTACK_MISSING_FUNCTION_CALL-INSTANCE;/nova/compute/manager.py;ComputeManager;_build_and_run_instance+1994;self._validate_instance_group_policy(context, instance, filter_properties);NO_FAILURE;;;NO_FAILURE;;
Test_205;OPENSTACK_MISSING_FUNCTION_CALL-INSTANCE;/nova/compute/manager.py;ComputeManager;_complete_deletion+758;self._notify_about_instance_usage(context, instance, 'delete.end', system_metadata=system_meta);NO_FAILURE;;;NO_FAILURE;;
Test_206;OPENSTACK_MISSING_FUNCTION_CALL-INSTANCE;/nova/compute/manager.py;ComputeManager;bad_volumes_callback+3163;compute_utils.notify_about_instance_action(context, instance, self.host, action=fields.NotificationAction.REBOOT, phase=fields.NotificationPhase.END);NO_FAILURE;;;NO_FAILURE;;
Test_207;OPENSTACK_MISSING_FUNCTION_CALL-INSTANCE;/nova/compute/manager.py;ComputeManager;reboot_instance+3085;compute_utils.notify_about_instance_action(context, instance, self.host, action=fields.NotificationAction.REBOOT, phase=fields.NotificationPhase.START);NO_FAILURE;;;NO_FAILURE;;
Test_208;OPENSTACK_MISSING_FUNCTION_CALL-INSTANCE;/nova/compute/manager.py;ComputeManager;_process_instance_vif_deleted_event+7001;base_net_api.update_instance_cache_with_nw_info(self.network_api, context, instance, nw_info=network_info);NO_FAILURE;;;NO_FAILURE;;
Test_209;OPENSTACK_MISSING_FUNCTION_CALL-INSTANCE;/nova/compute/manager.py;ComputeManager;_do_build_and_run_instance+1852;self._build_and_run_instance(context, instance, image, decoded_files, admin_password, requested_networks, security_groups, block_device_mapping, node, limits, filter_properties);FAILURE;FAILURE_INSTANCE_ACTIVE;;NO_FAILURE;;
Test_210;OPENSTACK_MISSING_FUNCTION_CALL-INSTANCE;/nova/compute/manager.py;ComputeManager;_default_block_device_names+1555;self._default_device_names_for_instance(instance, root_device_name, ephemerals, swap, block_device_mapping);NO_FAILURE;;;NO_FAILURE;;
Test_211;OPENSTACK_MISSING_FUNCTION_CALL-INSTANCE;/nova/compute/manager.py;ComputeManager;_heal_instance_info_cache+6121;self.network_api.get_instance_nw_info(context, instance);NO_FAILURE;;;NO_FAILURE;;
Test_212;OPENSTACK_MISSING_FUNCTION_CALL-INSTANCE;/nova/compute/manager.py;ComputeManager;bad_volumes_callback+3162;self._notify_about_instance_usage(context, instance, 'reboot.end');NO_FAILURE;;;NO_FAILURE;;
Test_213;OPENSTACK_MISSING_FUNCTION_CALL-INSTANCE;/nova/compute/manager.py;ComputeManager;handle_lifecycle_event+1092;self._sync_instance_power_state(context, instance, vm_power_state);NO_FAILURE;;;NO_FAILURE;;
Test_214;OPENSTACK_MISSING_FUNCTION_CALL-INSTANCE;/nova/compute/manager.py;ComputeManager;_update_scheduler_instance_info+1638;self.scheduler_client.update_instance_info(context, self.host, instance);NO_FAILURE;;;NO_FAILURE;;
Test_215;OPENSTACK_MISSING_FUNCTION_CALL-INSTANCE;/nova/compute/manager.py;ComputeManager;_build_and_run_instance+1975;self._notify_about_instance_usage(context, instance, 'create.start', extra_usage_info={'image_name': image_name});NO_FAILURE;;;NO_FAILURE;;
Test_216;OPENSTACK_MISSING_FUNCTION_CALL-INSTANCE;/nova/compute/manager.py;ComputeManager;_default_device_names_for_instance+1497;self.driver.default_device_names_for_instance(instance, root_device_name, *block_device_lists);NO_FAILURE;;;NO_FAILURE;;
Test_217;OPENSTACK_MISSING_FUNCTION_CALL-INSTANCE;/nova/compute/manager.py;ComputeManager;_update_instance_after_spawn+1622;configdrive.update_instance(instance);NO_FAILURE;;;NO_FAILURE;;
Test_218;OPENSTACK_MISSING_FUNCTION_CALL-INSTANCE;/nova/compute/manager.py;ComputeManager;do_terminate_instance+2521;do_terminate_instance(instance, bdms);NO_FAILURE;;;NO_FAILURE;;
Test_219;OPENSTACK_MISSING_FUNCTION_CALL-INSTANCE;/nova/compute/manager.py;ComputeManager;_delete_scheduler_instance_info+1646;self.scheduler_client.delete_instance_info(context, self.host, instance_uuid);NO_FAILURE;;;NO_FAILURE;;
Test_220;OPENSTACK_MISSING_FUNCTION_CALL-INSTANCE;/nova/compute/manager.py;ComputeManager;_sync_scheduler_instance_info+1658;self.scheduler_client.sync_instance_info(context, self.host, uuids);NO_FAILURE;;;NO_FAILURE;;
Test_221;OPENSTACK_MISSING_FUNCTION_CALL-INSTANCE;/nova/compute/manager.py;ComputeManager;external_instance_event+7082;self.network_api.get_instance_nw_info(context, instance);NO_FAILURE;;;NO_FAILURE;;
Test_222;OPENSTACK_MISSING_FUNCTION_CALL-INSTANCE;/nova/scheduler/manager.py;SchedulerManager;sync_instance_info+190;self.driver.host_manager.sync_instance_info(context, host_name, instance_uuids);NO_FAILURE;;;NO_FAILURE;;
Test_223;OPENSTACK_MISSING_FUNCTION_CALL-INSTANCE;/nova/scheduler/manager.py;SchedulerManager;delete_instance_info+183;self.driver.host_manager.delete_instance_info(context, host_name, instance_uuid);NO_FAILURE;;;NO_FAILURE;;
Test_224;OPENSTACK_MISSING_FUNCTION_CALL-INSTANCE;/nova/scheduler/manager.py;SchedulerManager;update_instance_info+176;self.driver.host_manager.update_instance_info(context, host_name, instance_info);NO_FAILURE;;;NO_FAILURE;;
Test_225;OPENSTACK_MISSING_FUNCTION_CALL-INSTANCE;/nova/scheduler/client/__init__.py;SchedulerClient;delete_instance_info+75;self.queryclient.delete_instance_info(context, host_name, instance_uuid);NO_FAILURE;;;NO_FAILURE;;
Test_226;OPENSTACK_MISSING_FUNCTION_CALL-INSTANCE;/nova/scheduler/client/__init__.py;SchedulerClient;update_instance_info+71;self.queryclient.update_instance_info(context, host_name, instance_info);NO_FAILURE;;;NO_FAILURE;;
Test_227;OPENSTACK_MISSING_FUNCTION_CALL-INSTANCE;/nova/compute/manager.py;ComputeManager;_delete_instance+2434;compute_utils.notify_about_instance_action(context, instance, self.host, action=fields.NotificationAction.DELETE, phase=fields.NotificationPhase.START);NO_FAILURE;;;NO_FAILURE;;
Test_228;OPENSTACK_MISSING_FUNCTION_CALL-INSTANCE;/nova/scheduler/client/__init__.py;SchedulerClient;sync_instance_info+79;self.queryclient.sync_instance_info(context, host_name, instance_uuids);NO_FAILURE;;;NO_FAILURE;;
Test_229;OPENSTACK_MISSING_FUNCTION_CALL-INSTANCE;/nova/scheduler/client/query.py;SchedulerQueryClient;sync_instance_info+85;self.scheduler_rpcapi.sync_instance_info(context, host_name, instance_uuids);NO_FAILURE;;;NO_FAILURE;;
Test_230;OPENSTACK_MISSING_FUNCTION_CALL-INSTANCE;/nova/scheduler/client/query.py;SchedulerQueryClient;delete_instance_info+71;self.scheduler_rpcapi.delete_instance_info(context, host_name, instance_uuid);NO_FAILURE;;;NO_FAILURE;;
Test_231;OPENSTACK_MISSING_FUNCTION_CALL-INSTANCE;/nova/scheduler/client/query.py;SchedulerQueryClient;update_instance_info+60;self.scheduler_rpcapi.update_instance_info(context, host_name, instance_info);NO_FAILURE;;;NO_FAILURE;;
Test_232;OPENSTACK_THROW_EXCEPTION-INSTANCE;/nova/notifications/base.py;None;send_update_with_states+179;send_instance_update_notification(context, instance, old_vm_state=old_vm_state, old_task_state=old_task_state, new_vm_state=new_vm_state, new_task_state=new_task_state, service=service, host=host);NO_FAILURE;;;NO_FAILURE;;
Test_233;OPENSTACK_WRONG_PARAMETERS-NETWORK;/nova/virt/libvirt/driver.py;LibvirtDriver;spawn+2899;self._create_domain_and_network(context, xml, instance, network_info, block_device_info=block_device_info, post_xml_callback=gen_confdrive, destroy_disks_on_failure=True);NO_FAILURE;;;NO_FAILURE;;
Test_234;OPENSTACK_THROW_EXCEPTION-INSTANCE;/nova/notifications/base.py;None;send_update+137;send_instance_update_notification(context, new_instance, service=service, host=host, old_display_name=old_display_name);NO_FAILURE;;;NO_FAILURE;;
Test_235;OPENSTACK_THROW_EXCEPTION-INSTANCE;/nova/notifications/base.py;None;send_instance_update_notification+251;_send_versioned_instance_update(context, instance, payload, host, service);NO_FAILURE;;;NO_FAILURE;;
Test_236;OPENSTACK_MISSING_FUNCTION_CALL-INSTANCE;/nova/compute/manager.py;ComputeManager;_build_and_run_instance+2129;self._notify_about_instance_usage(context, instance, 'create.end', extra_usage_info={'message': _('Success')}, network_info=network_info);NO_FAILURE;;;NO_FAILURE;;
Test_237;OPENSTACK_THROW_EXCEPTION-INSTANCE;/nova/network/base_api.py;None;wrapper+84;update_instance_cache_with_nw_info(self, context, instance, nw_info=res);NO_FAILURE;;;NO_FAILURE;;
Test_238;OPENSTACK_THROW_EXCEPTION-INSTANCE;/nova/network/neutronv2/api.py;API;deallocate_for_instance+1207;objects.VirtualInterface.delete_by_instance_uuid(context, instance.uuid);NO_FAILURE;;;NO_FAILURE;;
Test_239;OPENSTACK_THROW_EXCEPTION-INSTANCE;/nova/network/neutronv2/api.py;API;deallocate_for_instance+1214;base_api.update_instance_cache_with_nw_info(self, context, instance, network_model.NetworkInfo([]));NO_FAILURE;;;NO_FAILURE;;
Test_240;OPENSTACK_THROW_EXCEPTION-INSTANCE;/nova/api/openstack/compute/servers.py;ServersController;_get_servers+326;req.cache_db_instances(instance_list);FAILURE;FAILURE_INSTANCE_ACTIVE;;NO_FAILURE;;
Test_241;OPENSTACK_THROW_EXCEPTION-INSTANCE;/nova/api/openstack/compute/servers.py;ServersController;create+637;req.cache_db_instances(instances);FAILURE;; openstack server create ;NO_FAILURE;;
Test_242;OPENSTACK_WRONG_RETURN_VALUE-INSTANCE;/nova/compute/api.py;API;get_instances_host_statuses+4345;return host_statuses;FAILURE;; nova list ;NO_FAILURE;;
Test_243;OPENSTACK_THROW_EXCEPTION-INSTANCE;/nova/api/openstack/compute/servers.py;ServersController;_get_server+347;req.cache_db_instance(instance);FAILURE;; openstack server create ;NO_FAILURE;;
Test_244;OPENSTACK_THROW_EXCEPTION-INSTANCE;/nova/virt/libvirt/driver.py;LibvirtDriver;cleanup+945;self.unfilter_instance(instance, network_info);FAILURE;FAILURE_INSTANCE_ACTIVE;;NO_FAILURE;;
Test_245;OPENSTACK_THROW_EXCEPTION-INSTANCE;/nova/objects/instance.py;Instance;_handle_cell_update_from_api+749;db.instance_extra_update_by_uuid(context, self.uuid, self._extra_values_to_save);FAILURE;FAILURE_INSTANCE_ACTIVE;;NO_FAILURE;;
Test_246;OPENSTACK_THROW_EXCEPTION-INSTANCE;/nova/db/sqlalchemy/api.py;DeleteFromSelect;_instance_update+2811;_instance_metadata_update_in_place(context, instance_ref, 'system_metadata', models.InstanceSystemMetadata, system_metadata);FAILURE;FAILURE_INSTANCE_ACTIVE;;NO_FAILURE;;
Test_247;OPENSTACK_THROW_EXCEPTION-INSTANCE;/nova/objects/request_spec.py;RequestSpec;from_components+419;spec_obj._from_instance_numa_topology(numa_topology);FAILURE;; openstack server create ;NO_FAILURE;;
Test_248;OPENSTACK_THROW_EXCEPTION-INSTANCE;/nova/objects/build_request.py;BuildRequest;_from_db_object+162;req._load_instance(db_req['instance']);FAILURE;; openstack server create ;NO_FAILURE;;
Test_249;OPENSTACK_THROW_EXCEPTION-INSTANCE;/nova/db/sqlalchemy/api.py;DeleteFromSelect;_get_sec_group_models+1830;ec2_instance_create(context, instance_ref['uuid']);FAILURE;FAILURE_INSTANCE_ACTIVE;;NO_FAILURE;;
Test_250;OPENSTACK_THROW_EXCEPTION-INSTANCE;/nova/conductor/api.py;ComputeTaskAPI;schedule_and_build_instances+130;self.conductor_compute_rpcapi.schedule_and_build_instances(context, build_requests, request_spec, image, admin_password, injected_files, requested_networks, block_device_mapping, tags);FAILURE;; openstack server create ;NO_FAILURE;;
Test_251;OPENSTACK_THROW_EXCEPTION-INSTANCE;/nova/conductor/manager.py;ComputeTaskManager;schedule_and_build_instances+1109;objects.BuildRequest.get_by_instance_uuid(context, instance.uuid);FAILURE;FAILURE_INSTANCE_ACTIVE;;NO_FAILURE;;
Test_252;OPENSTACK_THROW_EXCEPTION-INSTANCE;/nova/conductor/manager.py;ComputeTaskManager;schedule_and_build_instances+1136;compute_utils.check_num_instances_quota(context, instance.flavor, 0, 0, orig_num_req=len(build_requests));FAILURE;FAILURE_INSTANCE_ACTIVE;;NO_FAILURE;;
Test_253;OPENSTACK_THROW_EXCEPTION-INSTANCE;/nova/objects/request_spec.py;RequestSpec;from_components+418;spec_obj._from_instance_pci_requests(pci_requests);FAILURE;; openstack server create ;NO_FAILURE;;
Test_254;OPENSTACK_WRONG_RETURN_VALUE-INSTANCE;/nova/virt/event.py;InstanceEvent;get_instance_uuid+82;return self.uuid;NO_FAILURE;;;NO_FAILURE;;
Test_255;OPENSTACK_WRONG_RETURN_VALUE-INSTANCE;/nova/virt/driver.py;ComputeDriver;dhcp_options_for_instance+1327;return None;NO_FAILURE;;;NO_FAILURE;;
Test_256;OPENSTACK_WRONG_RETURN_VALUE-INSTANCE;/nova/virt/driver.py;ComputeDriver;macs_for_instance+1301;return None;NO_FAILURE;;;NO_FAILURE;;
Test_257;OPENSTACK_WRONG_RETURN_VALUE-INSTANCE;/nova/virt/driver.py;ComputeDriver;get_num_instances+181;return len(self.list_instances());NO_FAILURE;;;NO_FAILURE;;
Test_258;OPENSTACK_WRONG_RETURN_VALUE-INSTANCE;/nova/virt/driver.py;ComputeDriver;get_per_instance_usage+1421;return {};NO_FAILURE;;;NO_FAILURE;;
Test_259;OPENSTACK_WRONG_RETURN_VALUE-INSTANCE;/nova/virt/hardware.py;InstanceInfo;numa_usage_from_instances+1648;return objects.NUMATopology(cells=cells);NO_FAILURE;;;NO_FAILURE;;
Test_260;OPENSTACK_WRONG_RETURN_VALUE-INSTANCE;/nova/virt/hardware.py;InstanceInfo;instance_topology_from_instance+1720;return instance_numa_topology;NO_FAILURE;;;NO_FAILURE;;
Test_261;OPENSTACK_WRONG_RETURN_VALUE-INSTANCE;/nova/virt/libvirt/host.py;Host;list_instance_domains+603;return doms;NO_FAILURE;;;NO_FAILURE;;
Test_262;OPENSTACK_WRONG_RETURN_VALUE-INSTANCE;/nova/virt/libvirt/utils.py;None;get_instance_path+470;return os.path.join(CONF.instances_path, instance.uuid);FAILURE;FAILURE_INSTANCE_ACTIVE;;NO_FAILURE;;
Test_263;OPENSTACK_THROW_EXCEPTION-INSTANCE;/nova/compute/manager.py;ComputeManager;_default_device_names_for_instance+1497;self.driver.default_device_names_for_instance(instance, root_device_name, *block_device_lists);FAILURE;FAILURE_INSTANCE_ACTIVE;;NO_FAILURE;;
Test_264;OPENSTACK_THROW_EXCEPTION-INSTANCE;/nova/compute/manager.py;ComputeManager;_build_and_run_instance+1977;compute_utils.notify_about_instance_create(context, instance, self.host, phase=fields.NotificationPhase.START);FAILURE;FAILURE_INSTANCE_ACTIVE;;NO_FAILURE;;
Test_265;OPENSTACK_THROW_EXCEPTION-INSTANCE;/nova/compute/manager.py;ComputeManager;_complete_deletion+760;compute_utils.notify_about_instance_action(context, instance, self.host, action=fields.NotificationAction.DELETE, phase=fields.NotificationPhase.END);NO_FAILURE;;;NO_FAILURE;;
Test_266;OPENSTACK_THROW_EXCEPTION-INSTANCE;/nova/compute/manager.py;ComputeManager;_notify_about_instance_usage+1663;compute_utils.notify_about_instance_usage(self.notifier, context, instance, event_suffix, network_info=network_info, system_metadata=system_metadata, extra_usage_info=extra_usage_info, fault=fault);FAILURE;FAILURE_INSTANCE_ACTIVE;;NO_FAILURE;;
Test_267;OPENSTACK_THROW_EXCEPTION-INSTANCE;/nova/compute/manager.py;ComputeManager;_do_build_and_run_instance+1852;self._build_and_run_instance(context, instance, image, decoded_files, admin_password, requested_networks, security_groups, block_device_mapping, node, limits, filter_properties);FAILURE;FAILURE_INSTANCE_ACTIVE;;NO_FAILURE;;
Test_268;OPENSTACK_THROW_EXCEPTION-INSTANCE;/nova/compute/manager.py;ComputeManager;_complete_deletion+763;self._delete_scheduler_instance_info(context, instance.uuid);NO_FAILURE;;;NO_FAILURE;;
Test_269;OPENSTACK_THROW_EXCEPTION-INSTANCE;/nova/compute/manager.py;ComputeManager;_build_and_run_instance+1975;self._notify_about_instance_usage(context, instance, 'create.start', extra_usage_info={'image_name': image_name});FAILURE;FAILURE_INSTANCE_ACTIVE;;NO_FAILURE;;
Test_270;OPENSTACK_THROW_EXCEPTION-INSTANCE;/nova/compute/manager.py;ComputeManager;_default_block_device_names+1555;self._default_device_names_for_instance(instance, root_device_name, ephemerals, swap, block_device_mapping);FAILURE;FAILURE_INSTANCE_ACTIVE;;NO_FAILURE;;
Test_271;OPENSTACK_THROW_EXCEPTION-INSTANCE;/nova/compute/manager.py;ComputeManager;handle_lifecycle_event+1092;self._sync_instance_power_state(context, instance, vm_power_state);NO_FAILURE;;;NO_FAILURE;;
Test_272;OPENSTACK_THROW_EXCEPTION-INSTANCE;/nova/compute/manager.py;ComputeManager;_update_scheduler_instance_info+1638;self.scheduler_client.update_instance_info(context, self.host, instance);FAILURE;FAILURE_INSTANCE_ACTIVE;;NO_FAILURE;;
Test_273;OPENSTACK_THROW_EXCEPTION-INSTANCE;/nova/compute/manager.py;ComputeManager;_heal_instance_info_cache+6121;self.network_api.get_instance_nw_info(context, instance);NO_FAILURE;;;NO_FAILURE;;
Test_274;OPENSTACK_THROW_EXCEPTION-INSTANCE;/nova/compute/manager.py;ComputeManager;_build_and_run_instance+2115;self._update_instance_after_spawn(context, instance);FAILURE;FAILURE_INSTANCE_ACTIVE;;NO_FAILURE;;
Test_275;OPENSTACK_THROW_EXCEPTION-INSTANCE;/nova/compute/manager.py;ComputeManager;_delete_instance+2434;compute_utils.notify_about_instance_action(context, instance, self.host, action=fields.NotificationAction.DELETE, phase=fields.NotificationPhase.START);NO_FAILURE;;;NO_FAILURE;;
Test_276;DISKIO_MISSING_FUNCTION_CALL-WRITE;/nova/virt/libvirt/host.py;Host;_queue_event+242;self._event_notify_send.write(c);NO_FAILURE;;;NO_FAILURE;;
Test_277;OPENSTACK_WRONG_RETURN_VALUE-INSTANCE;/nova/compute/api.py;API;_create_instance+1181;return (instances, reservation_id);FAILURE;; openstack server create ;NO_FAILURE;;
Test_278;DISKIO_MISSING_FUNCTION_CALL-WRITE;/nova/virt/libvirt/imagebackend.py;Image;write_to_disk_info_file+354;tmp_file.write(('%s\n' % jsonutils.dumps(dct)));NO_FAILURE;;;NO_FAILURE;;
Test_279;DISKIO_MISSING_FUNCTION_CALL-WRITE;/nova/virt/libvirt/driver.py;LibvirtDriver;_supports_direct_io+3082;m.write(('x' * align_size));NO_FAILURE;;;NO_FAILURE;;
Test_280;DISKIO_MISSING_FUNCTION_CALL-WRITE;/nova/virt/libvirt/driver.py;LibvirtDriver;_supports_direct_io+3083;os.write(fd, m);NO_FAILURE;;;NO_FAILURE;;
Test_281;DISKIO_MISSING_FUNCTION_CALL-WRITE;/nova/image/glance.py;GlanceImageServiceV2;download+359;data.write(chunk);FAILURE;FAILURE_SSH;;NO_FAILURE;;
Test_282;URLLIB_MISSING_FUNCTION_CALL-CLEAR;/nova/network/neutronv2/api.py;API;_refresh_neutron_extensions_cache+1028;self.extensions.clear();NO_FAILURE;;;NO_FAILURE;;
Test_283;URLLIB_MISSING_FUNCTION_CALL-CLEAR;/nova/compute/stats.py;Stats;clear+33;self.states.clear();NO_FAILURE;;;NO_FAILURE;;
Test_284;URLLIB_MISSING_FUNCTION_CALL-CLEAR;/nova/compute/stats.py;Stats;clear+31;super(Stats, self).clear();NO_FAILURE;;;NO_FAILURE;;
Test_285;URLLIB_MISSING_FUNCTION_CALL-CLEAR;/nova/compute/resource_tracker.py;ResourceTracker;_copy_resources+631;self.stats.clear();NO_FAILURE;;;NO_FAILURE;;
Test_286;URLLIB_MISSING_FUNCTION_CALL-CLEAR;/nova/compute/resource_tracker.py;ResourceTracker;_update_usage_from_instances+1109;self.tracked_instances.clear();NO_FAILURE;;;NO_FAILURE;;
Test_287;URLLIB_MISSING_FUNCTION_CALL-CLEAR;/nova/compute/resource_tracker.py;ResourceTracker;_update_usage_from_migrations+1016;self.tracked_migrations.clear();NO_FAILURE;;;NO_FAILURE;;
Test_288;OPENSTACK_WRONG_PARAMETERS-NETWORK;/nova/virt/libvirt/driver.py;LibvirtDriver;_hard_reboot+2615;self._create_domain_and_network(context, xml, instance, network_info, block_device_info=block_device_info, vifs_already_plugged=True);NO_FAILURE;;;NO_FAILURE;;
Test_289;OPENSTACK_WRONG_RETURN_VALUE-IMAGE;/nova/block_device.py;BlockDeviceDict;create_image_bdm+270;return BlockDeviceDict({'source_type': 'image', 'image_id': image_ref, 'delete_on_termination': True, 'boot_index': boot_index, 'device_type': 'disk', 'destination_type': 'local'});FAILURE;; openstack server create ;NO_FAILURE;;
Test_290;OPENSTACK_WRONG_RETURN_VALUE-IMAGE;/nova/utils.py;ExceptionHelper;get_auto_disk_config_from_image_props+1070;return image_properties.get('auto_disk_config');NO_FAILURE;;;NO_FAILURE;;
Test_291;OPENSTACK_WRONG_RETURN_VALUE-IMAGE;/nova/utils.py;ExceptionHelper;get_image_from_system_metadata+1127;return image_meta;FAILURE;FAILURE_INSTANCE_ACTIVE;;NO_FAILURE;;
Test_292;OPENSTACK_WRONG_RETURN_VALUE-IMAGE;/nova/utils.py;ExceptionHelper;get_system_metadata_from_image+1098;return system_meta;NO_FAILURE;;;NO_FAILURE;;
Test_293;OPENSTACK_WRONG_RETURN_VALUE-IMAGE;/nova/notifications/base.py;None;image_meta+382;return image_meta;NO_FAILURE;;;NO_FAILURE;;
Test_294;OPENSTACK_WRONG_RETURN_VALUE-IMAGE;/nova/api/ec2/ec2utils.py;None;image_type+69;return 'aki';NO_FAILURE;;;NO_FAILURE;;
Test_295;OPENSTACK_WRONG_RETURN_VALUE-IMAGE;/nova/api/ec2/ec2utils.py;None;image_type+71;return 'ari';NO_FAILURE;;;NO_FAILURE;;
Test_296;OPENSTACK_WRONG_RETURN_VALUE-IMAGE;/nova/api/openstack/compute/servers.py;ServersController;_image_from_req_data+855;return image_href;FAILURE;; openstack server create ;NO_FAILURE;;
Test_297;OPENSTACK_WRONG_RETURN_VALUE-IMAGE;/nova/api/openstack/compute/views/servers.py;ViewBuilder;_get_image+263;return {'id': image_id, 'links': [{'rel': 'bookmark', 'href': bookmark}]};NO_FAILURE;;;NO_FAILURE;;
Test_298;OPENSTACK_WRONG_RETURN_VALUE-IMAGE;/nova/virt/hardware.py;InstanceInfo;_get_flavor_image_meta+1053;return (flavor_policy, image_policy);FAILURE;; openstack server create ;NO_FAILURE;;
Test_299;OPENSTACK_WRONG_RETURN_VALUE-IMAGE;/nova/virt/disk/api.py;None;can_resize_image+229;return False;FAILURE;FAILURE_INSTANCE_ACTIVE;;NO_FAILURE;;
Test_300;OPENSTACK_WRONG_RETURN_VALUE-IMAGE;/nova/virt/disk/api.py;None;can_resize_image+230;return True;NO_FAILURE;;;NO_FAILURE;;
Test_301;OPENSTACK_WRONG_RETURN_VALUE-IMAGE;/nova/objects/instance.py;Instance;image_meta+237;return objects.ImageMeta.from_instance(self);FAILURE;FAILURE_INSTANCE_ACTIVE;;NO_FAILURE;;
Test_302;OPENSTACK_WRONG_RETURN_VALUE-IMAGE;/nova/image/api.py;API;_get_session_and_image_id+43;return glance.get_remote_image_service(context, id_or_uri);FAILURE;; openstack server create ;NO_FAILURE;;
Test_303;DISKIO_WRONG_PARAMETERS-WRITE;/nova/virt/libvirt/host.py;Host;_queue_event+242;self._event_notify_send.write(c);NO_FAILURE;;;NO_FAILURE;;
Test_304;OPENSTACK_WRONG_RETURN_VALUE-IMAGE;/nova/image/glance.py;None;generate_image_url+79;return ('%s/images/%s' % (generate_glance_url(), image_ref));NO_FAILURE;;;NO_FAILURE;;
Test_305;OPENSTACK_WRONG_RETURN_VALUE-IMAGE;/nova/image/glance.py;GlanceImageServiceV2;get_remote_image_service+878;return (image_service, image_href);FAILURE;; openstack server create ;NO_FAILURE;;
Test_306;OPENSTACK_WRONG_RETURN_VALUE-IMAGE;/nova/image/glance.py;GlanceImageServiceV2;get_default_image_service+892;return GlanceImageServiceV2();FAILURE;; openstack server create ;NO_FAILURE;;
Test_307;OPENSTACK_WRONG_RETURN_VALUE-IMAGE;/nova/image/glance.py;GlanceImageServiceV2;_is_image_available+616;return True;NO_FAILURE;;;NO_FAILURE;;
Test_308;OPENSTACK_WRONG_RETURN_VALUE-IMAGE;/nova/db/api.py;None;s3_image_create+1829;return IMPL.s3_image_create(context, image_uuid);FAILURE;FAILURE_INSTANCE_ACTIVE;;NO_FAILURE;;
Test_309;OPENSTACK_WRONG_RETURN_VALUE-IMAGE;/nova/db/api.py;None;s3_image_get_by_uuid+1824;return IMPL.s3_image_get_by_uuid(context, image_uuid);FAILURE;FAILURE_SSH;;NO_FAILURE;;
Test_310;OPENSTACK_WRONG_RETURN_VALUE-IMAGE;/nova/db/sqlalchemy/api.py;DeleteFromSelect;s3_image_get_by_uuid+5685;return result;FAILURE;FAILURE_SSH;;NO_FAILURE;;
Test_311;OPENSTACK_WRONG_RETURN_VALUE-IMAGE;/nova/db/sqlalchemy/api.py;DeleteFromSelect;s3_image_create+5698;return s3_image_ref;FAILURE;FAILURE_INSTANCE_ACTIVE;;NO_FAILURE;;
Test_312;OPENSTACK_WRONG_RETURN_VALUE-IMAGE;/nova/compute/api.py;API;_get_image+743;return (image['id'], image);FAILURE;; openstack server create ;NO_FAILURE;;
Test_313;OPENSTACK_WRONG_RETURN_VALUE-IMAGE;/nova/compute/api.py;API;_get_image_defined_bdms+645;return image_defined_bdms;FAILURE;; openstack server create ;NO_FAILURE;;
Test_314;OPENSTACK_WRONG_RETURN_VALUE-IMAGE;/nova/compute/api.py;API;not_image_and_root_bdm+735;return block_device_obj.block_device_make_list_from_dicts(context, block_device_mapping);FAILURE;; openstack server create ;NO_FAILURE;;
Test_315;OPENSTACK_WRONG_RETURN_VALUE-IMAGE;/nova/compute/api.py;API;_inherit_properties_from_image+496;return {'os_type': image_properties.get('os_type'), 'architecture': image_properties.get('architecture'), 'vm_mode': image_properties.get('vm_mode'), 'auto_disk_config': auto_disk_config};FAILURE;; openstack server create ;NO_FAILURE;;
Test_316;OPENSTACK_WRONG_RETURN_VALUE-IMAGE;/nova/objects/request_spec.py;RequestSpec;_to_legacy_image+298;return (base.obj_to_primitive(self.image) if (self.obj_attr_is_set('image') and self.image) else {});NO_FAILURE;;;NO_FAILURE;;
Test_317;DISKIO_THROW_EXCEPTION-WRITE;/nova/virt/libvirt/host.py;Host;_queue_event+242;self._event_notify_send.write(c);NO_FAILURE;;;NO_FAILURE;;
Test_318;DISKIO_MISSING_PARAMETERS-WRITE;/nova/virt/libvirt/host.py;Host;_queue_event+242;self._event_notify_send.write(c);NO_FAILURE;;;NO_FAILURE;;
Test_319;OPENSTACK_WRONG_PARAMETERS-IMAGE;/nova/virt/images.py;None;fetch_to_raw+166;convert_image(path_tmp, staged, fmt, 'raw');FAILURE;FAILURE_INSTANCE_ACTIVE;;NO_FAILURE;;
Test_320;OPENSTACK_WRONG_PARAMETERS-IMAGE;/nova/virt/libvirt/imagebackend.py;Image;fetch_func_sync+247;self.resize_image(size);NO_FAILURE;;;NO_FAILURE;;
Test_321;OPENSTACK_WRONG_PARAMETERS-IMAGE;/nova/virt/libvirt/driver.py;LibvirtDriver;_create_images_and_backing+7225;self._try_fetch_image_cache(disk, libvirt_utils.fetch_image, context, cache_name, instance.image_ref, instance, info['virt_disk_size'], fallback_from_host);FAILURE;FAILURE_INSTANCE_ACTIVE;;NO_FAILURE;;
Test_322;OPENSTACK_WRONG_PARAMETERS-IMAGE;/nova/virt/libvirt/driver.py;LibvirtDriver;_hard_reboot+2605;self._create_images_and_backing(context, instance, instance_dir, backing_disk_info);NO_FAILURE;;;NO_FAILURE;;
Test_323;OPENSTACK_WRONG_PARAMETERS-IMAGE;/nova/objects/request_spec.py;RequestSpec;from_components+416;spec_obj._image_meta_from_image(image);FAILURE;; openstack server create ;NO_FAILURE;;
Test_324;OPENSTACK_WRONG_PARAMETERS-IMAGE;/nova/compute/api.py;API;_checks_for_create_and_rebuild+750;self._check_requested_image(context, image_id, image, instance_type, root_bdm);NO_FAILURE;;;NO_FAILURE;;
Test_325;OPENSTACK_THROW_EXCEPTION-NETWORK;/nova/network/neutronv2/api.py;API;_get_available_networks+363;_ensure_requested_network_ordering((lambda x: x['id']), nets, net_ids);FAILURE;; openstack server create ;NO_FAILURE;;
Test_326;OPENSTACK_THROW_EXCEPTION-NETWORK;/nova/api/openstack/compute/servers.py;ServersController;_get_requested_networks+422;self._validate_network_id(request.network_id, network_uuids);FAILURE;; openstack server create ;NO_FAILURE;;
Test_327;OPENSTACK_THROW_EXCEPTION-NETWORK;/nova/virt/libvirt/driver.py;LibvirtDriver;_hard_reboot+2615;self._create_domain_and_network(context, xml, instance, network_info, block_device_info=block_device_info, vifs_already_plugged=True);FAILURE;FAILURE_INSTANCE_ACTIVE;;NO_FAILURE;;
Test_328;OPENSTACK_THROW_EXCEPTION-NETWORK;/nova/compute/manager.py;ComputeManager;_try_deallocate_network+2250;self._deallocate_network(context, instance, requested_networks);NO_FAILURE;;;NO_FAILURE;;
Test_329;OPENSTACK_THROW_EXCEPTION-NETWORK;/nova/compute/manager.py;ComputeManager;_shutdown_instance+2333;self._try_deallocate_network(context, instance, requested_networks);NO_FAILURE;;;NO_FAILURE;;
Test_330;OPENSTACK_WRONG_PARAMETERS-VOLUME;/nova/block_device.py;BlockDeviceDict;_validate+121;validate_and_default_volume_size(bdm_dict);FAILURE;; openstack server create ;NO_FAILURE;;
Test_331;OPENSTACK_WRONG_PARAMETERS-VOLUME;/nova/virt/block_device.py;DriverVolumeBlockDevice;attach+390;virt_driver.attach_volume(context, connection_info, instance, self['mount_device'], disk_bus=self['disk_bus'], device_type=self['device_type'], encryption=encryption);FAILURE;FAILURE_VOLUME_ATTACHED;;NO_FAILURE;;
Test_332;OPENSTACK_WRONG_PARAMETERS-VOLUME;/nova/virt/libvirt/volume/iscsi.py;LibvirtISCSIVolumeDriver;disconnect_volume+79;super(LibvirtISCSIVolumeDriver, self).disconnect_volume(connection_info, disk_dev, instance);FAILURE;FAILURE_INSTANCE_ACTIVE;;NO_FAILURE;;
Test_333;OPENSTACK_WRONG_PARAMETERS-VOLUME;/nova/virt/libvirt/volume/iscsi.py;LibvirtISCSIVolumeDriver;disconnect_volume+73;self.connector.disconnect_volume(connection_info['data'], None);FAILURE;FAILURE_INSTANCE_ACTIVE;;NO_FAILURE;;
Test_334;OPENSTACK_WRONG_PARAMETERS-VOLUME;/nova/virt/libvirt/driver.py;LibvirtDriver;_get_ephemeral_devices+3936;self._connect_volume(connection_info, info, instance);NO_FAILURE;;;NO_FAILURE;;
Test_335;OPENSTACK_WRONG_PARAMETERS-VOLUME;/nova/virt/libvirt/driver.py;LibvirtDriver;_connect_volume+1191;vol_driver.connect_volume(connection_info, disk_info, instance);FAILURE;FAILURE_VOLUME_ATTACHED;;NO_FAILURE;;
Test_336;OPENSTACK_MISSING_FUNCTION_CALL-NETWORK;/nova/network/neutronv2/api.py;API;_get_available_networks+363;_ensure_requested_network_ordering((lambda x: x['id']), nets, net_ids);NO_FAILURE;;;NO_FAILURE;;
Test_337;OPENSTACK_MISSING_FUNCTION_CALL-NETWORK;/nova/network/neutronv2/api.py;API;_validate_requested_network_ids+747;self._check_external_network_attach(context, nets);NO_FAILURE;;;NO_FAILURE;;
Test_338;OPENSTACK_MISSING_FUNCTION_CALL-NETWORK;/nova/api/openstack/compute/servers.py;ServersController;_get_requested_networks+422;self._validate_network_id(request.network_id, network_uuids);NO_FAILURE;;;NO_FAILURE;;
Test_339;OPENSTACK_MISSING_FUNCTION_CALL-NETWORK;/nova/virt/libvirt/driver.py;LibvirtDriver;spawn+2899;self._create_domain_and_network(context, xml, instance, network_info, block_device_info=block_device_info, post_xml_callback=gen_confdrive, destroy_disks_on_failure=True);FAILURE;FAILURE_INSTANCE_ACTIVE;;NO_FAILURE;;
Test_340;OPENSTACK_MISSING_FUNCTION_CALL-NETWORK;/nova/virt/libvirt/driver.py;LibvirtDriver;_hard_reboot+2615;self._create_domain_and_network(context, xml, instance, network_info, block_device_info=block_device_info, vifs_already_plugged=True);FAILURE;FAILURE_INSTANCE_ACTIVE;;NO_FAILURE;;
Test_341;OPENSTACK_THROW_EXCEPTION-SSH;/nova/crypto.py;None;generate_fingerprint+100;serialization.load_ssh_public_key(pub_bytes, backends.default_backend());FAILURE;; openstack keypair create ;NO_FAILURE;;
Test_342;OPENSTACK_MISSING_FUNCTION_CALL-NETWORK;/nova/compute/manager.py;ComputeManager;_try_deallocate_network+2250;self._deallocate_network(context, instance, requested_networks);NO_FAILURE;;;NO_FAILURE;;
Test_343;OPENSTACK_MISSING_FUNCTION_CALL-NETWORK;/nova/compute/manager.py;ComputeManager;_shutdown_instance+2333;self._try_deallocate_network(context, instance, requested_networks);NO_FAILURE;;;NO_FAILURE;;
Test_344;OPENSTACK_MISSING_FUNCTION_CALL-INSTANCE;/nova/compute/api.py;API;_create_instance+1170;self.compute_task_api.schedule_and_build_instances(context, build_requests=build_requests, request_spec=request_specs, image=boot_meta, admin_password=admin_password, injected_files=injected_files, requested_networks=requested_networks, block_device_mapping=block_device_mapping, tags=tags);FAILURE;FAILURE_INSTANCE_ACTIVE;;NO_FAILURE;;
Test_345;OPENSTACK_MISSING_FUNCTION_CALL-INSTANCE;/nova/compute/api.py;API;delete+2171;self._delete_instance(context, instance);NO_FAILURE;;;NO_FAILURE;;
Test_346;OPENSTACK_MISSING_FUNCTION_CALL-INSTANCE;/nova/compute/resource_tracker.py;ResourceTracker;_update_usage_from_instance+1079;self.stats.update_stats_for_instance(instance, is_removed_instance);NO_FAILURE;;;NO_FAILURE;;
Test_347;OPENSTACK_MISSING_FUNCTION_CALL-INSTANCE;/nova/compute/resource_tracker.py;ResourceTracker;instance_claim+225;self._update_usage_from_instance(context, instance, nodename);NO_FAILURE;;;NO_FAILURE;;
Test_348;OPENSTACK_MISSING_FUNCTION_CALL-INSTANCE;/nova/compute/resource_tracker.py;ResourceTracker;_update_usage_from_instance+1085;self.pci_tracker.update_pci_for_instance(context, instance, sign=sign);NO_FAILURE;;;NO_FAILURE;;
Test_349;OPENSTACK_MISSING_FUNCTION_CALL-INSTANCE;/nova/compute/api.py;API;create_db_entry_for_new_instance+1565;self._populate_instance_for_create(context, instance, image, index, security_group, instance_type, num_instances, shutdown_terminate);FAILURE;; openstack server create ;FAILURE;; nova list 
Test_350;OPENSTACK_WRONG_PARAMETERS-VOLUME;/nova/virt/libvirt/driver.py;LibvirtDriver;_disconnect_volume+1195;vol_driver.disconnect_volume(connection_info, disk_dev, instance);FAILURE;FAILURE_INSTANCE_ACTIVE;;NO_FAILURE;;
Test_351;OPENSTACK_WRONG_PARAMETERS-VOLUME;/nova/compute/api.py;API;_attach_volume+3707;self._check_attach_and_reserve_volume(context, volume_id, instance);FAILURE;; openstack server add volume ;NO_FAILURE;;
Test_352;OPENSTACK_MISSING_PARAMETERS-VOLUME;/nova/virt/libvirt/driver.py;LibvirtDriver;_connect_volume+1191;vol_driver.connect_volume(connection_info, disk_info, instance);FAILURE;FAILURE_VOLUME_ATTACHED;;NO_FAILURE;;
Test_353;OPENSTACK_WRONG_PARAMETERS-VOLUME;/nova/virt/libvirt/driver.py;LibvirtDriver;attach_volume+1269;self._connect_volume(connection_info, disk_info, instance);NO_FAILURE;;;NO_FAILURE;;
Test_354;OPENSTACK_WRONG_PARAMETERS-VOLUME;/nova/virt/libvirt/driver.py;LibvirtDriver;cleanup+1013;self._disconnect_volume(connection_info, disk_dev, instance);FAILURE;FAILURE_INSTANCE_ACTIVE;;NO_FAILURE;;
Test_355;OPENSTACK_WRONG_PARAMETERS-VOLUME;/nova/virt/libvirt/driver.py;LibvirtDriver;attach_volume+1275;self._check_discard_for_attach_volume(conf, instance);FAILURE;FAILURE_VOLUME_ATTACHED;;NO_FAILURE;;
Test_356;OPENSTACK_MISSING_PARAMETERS-INSTANCE;/nova/compute/manager.py;ComputeManager;_deallocate_network+1680;self.network_api.deallocate_for_instance(context, instance, requested_networks=requested_networks);NO_FAILURE;;;NO_FAILURE;;
Test_357;OPENSTACK_MISSING_PARAMETERS-INSTANCE;/nova/compute/manager.py;ComputeManager;_delete_instance+2432;self._notify_about_instance_usage(context, instance, 'delete.start');NO_FAILURE;;;NO_FAILURE;;
Test_358;OPENSTACK_MISSING_FUNCTION_CALL-VOLUME;/nova/virt/libvirt/driver.py;LibvirtDriver;attach_volume+1269;self._connect_volume(connection_info, disk_info, instance);FAILURE;FAILURE_VOLUME_ATTACHED;;NO_FAILURE;;
Test_359;OPENSTACK_MISSING_PARAMETERS-VOLUME;/nova/virt/libvirt/driver.py;LibvirtDriver;_disconnect_volume+1195;vol_driver.disconnect_volume(connection_info, disk_dev, instance);FAILURE;FAILURE_INSTANCE_ACTIVE;;NO_FAILURE;;
Test_360;OPENSTACK_MISSING_FUNCTION_CALL-INSTANCE;/nova/objects/request_spec.py;RequestSpec;from_components+419;spec_obj._from_instance_numa_topology(numa_topology);FAILURE;; openstack server create ;FAILURE;FAILURE_INSTANCE_ACTIVE;
Test_361;OPENSTACK_MISSING_FUNCTION_CALL-INSTANCE;/nova/compute/manager.py;ComputeManager;_shutdown_instance+2298;compute_utils.notify_about_instance_action(context, instance, self.host, action=fields.NotificationAction.SHUTDOWN, phase=fields.NotificationPhase.START);NO_FAILURE;;;NO_FAILURE;;
Test_362;OPENSTACK_MISSING_FUNCTION_CALL-INSTANCE;/nova/compute/manager.py;ComputeManager;_build_and_run_instance+2128;self._update_scheduler_instance_info(context, instance);NO_FAILURE;;;NO_FAILURE;;
Test_363;OPENSTACK_MISSING_FUNCTION_CALL-INSTANCE;/nova/compute/manager.py;ComputeManager;_shutdown_instance+2296;self._notify_about_instance_usage(context, instance, 'shutdown.start');NO_FAILURE;;;NO_FAILURE;;
Test_364;OPENSTACK_MISSING_FUNCTION_CALL-INSTANCE;/nova/compute/manager.py;ComputeManager;_shutdown_instance+2385;compute_utils.notify_about_instance_action(context, instance, self.host, action=fields.NotificationAction.SHUTDOWN, phase=fields.NotificationPhase.END);NO_FAILURE;;;NO_FAILURE;;
Test_365;OPENSTACK_MISSING_FUNCTION_CALL-INSTANCE;/nova/compute/manager.py;ComputeManager;_delete_instance+2438;self._shutdown_instance(context, instance, bdms);NO_FAILURE;;;NO_FAILURE;;
Test_366;OPENSTACK_MISSING_FUNCTION_CALL-INSTANCE;/nova/compute/manager.py;ComputeManager;reboot_instance+3084;self._notify_about_instance_usage(context, instance, 'reboot.start');NO_FAILURE;;;NO_FAILURE;;
Test_367;OPENSTACK_MISSING_PARAMETERS-VOLUME;/nova/virt/libvirt/driver.py;LibvirtDriver;attach_volume+1269;self._connect_volume(connection_info, disk_info, instance);FAILURE;FAILURE_VOLUME_ATTACHED;;NO_FAILURE;;
Test_368;OPENSTACK_MISSING_FUNCTION_CALL-INSTANCE;/nova/compute/manager.py;ComputeManager;do_terminate_instance+2509;self._delete_instance(context, instance, bdms);NO_FAILURE;;;NO_FAILURE;;
Test_369;OPENSTACK_MISSING_FUNCTION_CALL-INSTANCE;/nova/compute/manager.py;ComputeManager;_complete_deletion+756;rt.reportclient.delete_allocation_for_instance(instance.uuid);NO_FAILURE;;;NO_FAILURE;;
Test_370;OPENSTACK_MISSING_FUNCTION_CALL-INSTANCE;/nova/compute/manager.py;ComputeManager;_complete_deletion+760;compute_utils.notify_about_instance_action(context, instance, self.host, action=fields.NotificationAction.DELETE, phase=fields.NotificationPhase.END);NO_FAILURE;;;NO_FAILURE;;
Test_371;OPENSTACK_MISSING_FUNCTION_CALL-INSTANCE;/nova/compute/manager.py;ComputeManager;_complete_deletion+763;self._delete_scheduler_instance_info(context, instance.uuid);NO_FAILURE;;;NO_FAILURE;;
Test_372;OPENSTACK_MISSING_FUNCTION_CALL-INSTANCE;/nova/compute/manager.py;ComputeManager;_shutdown_instance+2383;self._notify_about_instance_usage(context, instance, 'shutdown.end');NO_FAILURE;;;NO_FAILURE;;
Test_373;OPENSTACK_THROW_EXCEPTION-INSTANCE;/nova/compute/api.py;API;_create_instance+1170;self.compute_task_api.schedule_and_build_instances(context, build_requests=build_requests, request_spec=request_specs, image=boot_meta, admin_password=admin_password, injected_files=injected_files, requested_networks=requested_networks, block_device_mapping=block_device_mapping, tags=tags);FAILURE;; openstack server create ;NO_FAILURE;;
Test_374;OPENSTACK_THROW_EXCEPTION-INSTANCE;/nova/compute/resource_tracker.py;ResourceTracker;_update_usage_from_instances+1200;self._update_usage_from_instance(context, instance, nodename, require_allocation_refresh=require_allocation_refresh);NO_FAILURE;;;NO_FAILURE;;
Test_375;OPENSTACK_THROW_EXCEPTION-INSTANCE;/nova/compute/resource_tracker.py;ResourceTracker;_update_usage_from_instances+1203;self._remove_deleted_instances_allocations(context, cn);NO_FAILURE;;;NO_FAILURE;;
Test_376;OPENSTACK_THROW_EXCEPTION-INSTANCE;/nova/compute/resource_tracker.py;ResourceTracker;_update_available_resource+751;self._pair_instances_to_migrations(migrations, instances);NO_FAILURE;;;NO_FAILURE;;
Test_377;OPENSTACK_MISSING_PARAMETERS-VOLUME;/nova/virt/libvirt/driver.py;LibvirtDriver;_get_ephemeral_devices+3936;self._connect_volume(connection_info, info, instance);FAILURE;FAILURE_INSTANCE_ACTIVE;;NO_FAILURE;;
Test_378;OPENSTACK_THROW_EXCEPTION-INSTANCE;/nova/compute/resource_tracker.py;ResourceTracker;update_usage+512;self._update_usage_from_instance(context, instance, nodename);NO_FAILURE;;;NO_FAILURE;;
Test_379;OPENSTACK_THROW_EXCEPTION-INSTANCE;/nova/compute/resource_tracker.py;ResourceTracker;_update_available_resource+745;self._update_usage_from_instances(context, instances, nodename);NO_FAILURE;;;NO_FAILURE;;
Test_380;OPENSTACK_THROW_EXCEPTION-INSTANCE;/nova/compute/api.py;API;_hard_reboot+2969;self.compute_rpcapi.reboot_instance(context, instance=instance, block_device_info=None, reboot_type='HARD');FAILURE;; openstack server reboot ;NO_FAILURE;;
Test_381;OPENSTACK_THROW_EXCEPTION-INSTANCE;/nova/conductor/manager.py;ComputeTaskManager;_schedule_instances+633;scheduler_utils.setup_instance_group(context, request_spec);FAILURE;FAILURE_INSTANCE_ACTIVE;;NO_FAILURE;;
Test_382;OPENSTACK_MISSING_PARAMETERS-VOLUME;/nova/virt/libvirt/driver.py;LibvirtDriver;cleanup+1013;self._disconnect_volume(connection_info, disk_dev, instance);FAILURE;FAILURE_INSTANCE_ACTIVE;;NO_FAILURE;;
Test_383;OPENSTACK_THROW_EXCEPTION-INSTANCE;/nova/compute/api.py;API;_populate_instance_for_create+1513;self._populate_instance_names(instance, num_instances);FAILURE;; openstack server create ;FAILURE;FAILURE_INSTANCE_ACTIVE;
Test_384;OPENSTACK_THROW_EXCEPTION-INSTANCE;/nova/conductor/manager.py;ComputeTaskManager;schedule_and_build_instances+1201;self.compute_rpcapi.build_and_run_instance(cctxt, instance=instance, image=image, request_spec=request_spec, filter_properties=filter_props, admin_password=admin_password, injected_files=injected_files, requested_networks=requested_networks, security_groups=legacy_secgroups, block_device_mapping=instance_bdms, host=host['host'], node=host['nodename'], limits=host['limits']);FAILURE;FAILURE_INSTANCE_ACTIVE;;NO_FAILURE;;
Test_385;OPENSTACK_THROW_EXCEPTION-INSTANCE;/nova/compute/api.py;API;create_db_entry_for_new_instance+1565;self._populate_instance_for_create(context, instance, image, index, security_group, instance_type, num_instances, shutdown_terminate);FAILURE;; openstack server create ;FAILURE;FAILURE_INSTANCE_ACTIVE;
Test_386;OPENSTACK_WRONG_RETURN_VALUE-INSTANCE;/nova/virt/libvirt/driver.py;LibvirtDriver;_get_instance_disk_info_from_config+7407;return disk_info;NO_FAILURE;;;NO_FAILURE;;
Test_387;OPENSTACK_WRONG_RETURN_VALUE-INSTANCE;/nova/virt/libvirt/driver.py;LibvirtDriver;delete_instance_files+8190;return True;NO_FAILURE;;;NO_FAILURE;;
Test_388;OPENSTACK_MISSING_PARAMETERS-VOLUME;/nova/virt/libvirt/driver.py;LibvirtDriver;attach_volume+1275;self._check_discard_for_attach_volume(conf, instance);FAILURE;FAILURE_VOLUME_ATTACHED;;NO_FAILURE;;
Test_389;OPENSTACK_WRONG_RETURN_VALUE-INSTANCE;/nova/virt/libvirt/driver.py;LibvirtDriver;list_instances+746;return names;NO_FAILURE;;;NO_FAILURE;;
Test_390;OPENSTACK_WRONG_RETURN_VALUE-INSTANCE;/nova/virt/libvirt/driver.py;LibvirtDriver;get_device_name_for_instance+8245;return block_device.prepend_dev(disk_info['dev']);FAILURE;FAILURE_VOLUME_ATTACHED;;NO_FAILURE;;
Test_391;OPENSTACK_WRONG_RETURN_VALUE-INSTANCE;/nova/objects/fields.py;VMMode;get_from_instance+613;return cls.canonicalize(mode);NO_FAILURE;;;NO_FAILURE;;
Test_392;OPENSTACK_WRONG_RETURN_VALUE-INSTANCE;/nova/objects/request_spec.py;RequestSpec;_to_legacy_instance+319;return instance;NO_FAILURE;;;NO_FAILURE;;
Test_393;OPENSTACK_WRONG_RETURN_VALUE-INSTANCE;/nova/objects/instance_fault.py;InstanceFaultList;get_latest_by_instance_uuids+112;return base.obj_make_list(context, cls(context), objects.InstanceFault, db_faultlist);FAILURE;; nova list ;NO_FAILURE;;
Test_394;OPENSTACK_WRONG_RETURN_VALUE-INSTANCE;/nova/virt/libvirt/driver.py;LibvirtDriver;_get_instance_capabilities+5585;return instance_caps;NO_FAILURE;;;NO_FAILURE;;
Test_395;OPENSTACK_MISSING_PARAMETERS-VOLUME;/nova/virt/libvirt/volume/iscsi.py;LibvirtISCSIVolumeDriver;disconnect_volume+79;super(LibvirtISCSIVolumeDriver, self).disconnect_volume(connection_info, disk_dev, instance);FAILURE;FAILURE_INSTANCE_ACTIVE;;NO_FAILURE;;
Test_396;OPENSTACK_WRONG_RETURN_VALUE-INSTANCE;/nova/objects/block_device.py;BlockDeviceMappingList;instance_uuids+326;return set((bdm.instance_uuid for bdm in self if bdm.obj_attr_is_set('instance_uuid')));FAILURE;; openstack server create ;NO_FAILURE;;
Test_397;OPENSTACK_WRONG_RETURN_VALUE-INSTANCE;/nova/objects/block_device.py;BlockDeviceMappingList;get_by_instance_uuids+348;return base.obj_make_list(context, cls(), objects.BlockDeviceMapping, (db_bdms or []));FAILURE;; openstack server create ;NO_FAILURE;;
Test_398;OPENSTACK_WRONG_RETURN_VALUE-INSTANCE;/nova/objects/build_request.py;BuildRequest;get_by_instance_uuid+179;return cls._from_db_object(context, cls(), db_req);FAILURE;; openstack server create ;NO_FAILURE;;
Test_399;OPENSTACK_WRONG_RETURN_VALUE-INSTANCE;/nova/objects/build_request.py;BuildRequest;get_new_instance+254;return instance;FAILURE;; openstack server create ;NO_FAILURE;;
Test_400;OPENSTACK_WRONG_RETURN_VALUE-INSTANCE;/nova/objects/ec2.py;EC2Ids;get_by_instance+217;return cls._from_dict(cls(context), ec2_ids);FAILURE;FAILURE_INSTANCE_ACTIVE;;NO_FAILURE;;
Test_401;OPENSTACK_WRONG_RETURN_VALUE-INSTANCE;/nova/objects/instance.py;Instance;_make_instance_list+1204;return inst_list;FAILURE;FAILURE_INSTANCE_ACTIVE;;NO_FAILURE;;
Test_402;OPENSTACK_MISSING_PARAMETERS-VOLUME;/nova/virt/libvirt/volume/iscsi.py;LibvirtISCSIVolumeDriver;disconnect_volume+73;self.connector.disconnect_volume(connection_info['data'], None);FAILURE;FAILURE_INSTANCE_ACTIVE;;NO_FAILURE;;
Test_403;OPENSTACK_WRONG_RETURN_VALUE-INSTANCE;/nova/objects/instance_mapping.py;InstanceMapping;_get_by_instance_uuid_from_db+68;return db_mapping;FAILURE;; openstack server create ;NO_FAILURE;;
Test_404;OPENSTACK_WRONG_RETURN_VALUE-INSTANCE;/nova/objects/instance_mapping.py;InstanceMapping;get_by_instance_uuid+73;return cls._from_db_object(context, cls(), db_mapping);FAILURE;; openstack server create ;NO_FAILURE;;
Test_405;OPENSTACK_WRONG_RETURN_VALUE-INSTANCE;/nova/objects/image_meta.py;ImageMeta;from_instance+127;return cls.from_dict(image_meta);FAILURE;FAILURE_INSTANCE_ACTIVE;;NO_FAILURE;;
Test_406;OPENSTACK_WRONG_RETURN_VALUE-INSTANCE;/nova/objects/build_request.py;BuildRequest;_get_by_instance_uuid_from_db+174;return db_req;FAILURE;; openstack server create ;NO_FAILURE;;
Test_407;OPENSTACK_MISSING_PARAMETERS-VOLUME;/nova/compute/api.py;API;_attach_volume+3708;self.compute_rpcapi.attach_volume(context, instance, volume_bdm);FAILURE;; openstack server add volume ;NO_FAILURE;;
Test_408;OPENSTACK_WRONG_RETURN_VALUE-INSTANCE;/nova/db/api.py;None;instance_create+734;return IMPL.instance_create(context, values);FAILURE;FAILURE_INSTANCE_ACTIVE;;NO_FAILURE;;
Test_409;OPENSTACK_WRONG_RETURN_VALUE-INSTANCE;/nova/db/api.py;None;instance_info_cache_update+951;return IMPL.instance_info_cache_update(context, instance_uuid, values);FAILURE;FAILURE_INSTANCE_ACTIVE;;NO_FAILURE;;
Test_410;OPENSTACK_WRONG_RETURN_VALUE-INSTANCE;/nova/db/api.py;None;instance_get_by_uuid+744;return IMPL.instance_get_by_uuid(context, uuid, columns_to_join);FAILURE;FAILURE_INSTANCE_ACTIVE;;NO_FAILURE;;
Test_411;OPENSTACK_WRONG_RETURN_VALUE-INSTANCE;/nova/db/api.py;None;instance_info_cache_delete+959;return IMPL.instance_info_cache_delete(context, instance_uuid);NO_FAILURE;;;NO_FAILURE;;
Test_412;OPENSTACK_WRONG_RETURN_VALUE-INSTANCE;/nova/db/api.py;None;block_device_mapping_get_all_by_instance_uuids+1319;return IMPL.block_device_mapping_get_all_by_instance_uuids(context, instance_uuids);NO_FAILURE;;;NO_FAILURE;;
Test_413;OPENSTACK_WRONG_RETURN_VALUE-INSTANCE;/nova/db/api.py;None;instance_get_all_by_filters_sort+779;return IMPL.instance_get_all_by_filters_sort(context, filters, limit=limit, marker=marker, columns_to_join=columns_to_join, sort_keys=sort_keys, sort_dirs=sort_dirs);FAILURE;FAILURE_INSTANCE_ACTIVE;;NO_FAILURE;;
Test_414;OPENSTACK_WRONG_RETURN_VALUE-INSTANCE;/nova/db/api.py;None;instance_update_and_get_original+860;return rv;FAILURE;FAILURE_INSTANCE_ACTIVE;;NO_FAILURE;;
Test_415;OPENSTACK_WRONG_RETURN_VALUE-INSTANCE;/nova/db/api.py;None;instance_extra_get_by_instance_uuid+971;return IMPL.instance_extra_get_by_instance_uuid(context, instance_uuid, columns=columns);NO_FAILURE;;;NO_FAILURE;;
Test_416;OPENSTACK_WRONG_RETURN_VALUE-INSTANCE;/nova/db/sqlalchemy/api.py;DeleteFromSelect;instance_get_all_by_host+2540;return _instances_fill_metadata(context, query.filter_by(host=host).all(), manual_joins=columns_to_join);NO_FAILURE;;;NO_FAILURE;;
Test_417;OPENSTACK_WRONG_RETURN_VALUE-INSTANCE;/nova/db/sqlalchemy/api.py;DeleteFromSelect;ec2_instance_get_by_uuid+6249;return result;FAILURE;FAILURE_INSTANCE_ACTIVE;;NO_FAILURE;;
Test_418;OPENSTACK_WRONG_RETURN_VALUE-INSTANCE;/nova/db/api.py;None;ec2_instance_get_by_uuid+1988;return IMPL.ec2_instance_get_by_uuid(context, instance_uuid);FAILURE;FAILURE_INSTANCE_ACTIVE;;NO_FAILURE;;
Test_419;OPENSTACK_WRONG_RETURN_VALUE-INSTANCE;/nova/db/api.py;None;instance_extra_update_by_uuid+981;return IMPL.instance_extra_update_by_uuid(context, instance_uuid, updates);NO_FAILURE;;;NO_FAILURE;;
Test_420;OPENSTACK_WRONG_RETURN_VALUE-INSTANCE;/nova/db/api.py;None;instance_get_all_by_filters+766;return IMPL.instance_get_all_by_filters(context, filters, sort_key, sort_dir, limit=limit, marker=marker, columns_to_join=columns_to_join);FAILURE;FAILURE_INSTANCE_ACTIVE;;NO_FAILURE;;
Test_421;OPENSTACK_WRONG_PARAMETERS-NETWORK;/nova/compute/manager.py;ComputeManager;_try_deallocate_network+2250;self._deallocate_network(context, instance, requested_networks);NO_FAILURE;;;NO_FAILURE;;
Test_422;OPENSTACK_WRONG_PARAMETERS-INSTANCE;/nova/network/neutronv2/api.py;API;_get_instance_nw_info+1319;compute_utils.refresh_info_cache_for_instance(context, instance);NO_FAILURE;;;NO_FAILURE;;
Test_423;OPENSTACK_WRONG_RETURN_VALUE-INSTANCE;/nova/db/sqlalchemy/api.py;DeleteFromSelect;_instance_get_by_uuid+1922;return result;FAILURE;FAILURE_INSTANCE_ACTIVE;;NO_FAILURE;;
Test_424;OPENSTACK_WRONG_RETURN_VALUE-INSTANCE;/nova/db/sqlalchemy/api.py;DeleteFromSelect;_build_instance_get+1961;return query;FAILURE;FAILURE_INSTANCE_ACTIVE;;NO_FAILURE;;
Test_425;OPENSTACK_WRONG_RETURN_VALUE-INSTANCE;/nova/db/sqlalchemy/api.py;DeleteFromSelect;instance_get_all_by_host_and_node+2568;return _instances_fill_metadata(context, _instance_get_all_query(context, joins=columns_to_join).filter_by(host=host).filter_by(node=node).all(), manual_joins=manual_joins);NO_FAILURE;;;NO_FAILURE;;
Test_426;OPENSTACK_WRONG_RETURN_VALUE-INSTANCE;/nova/db/sqlalchemy/api.py;DeleteFromSelect;instance_fault_get_by_instance_uuids+6026;return {};NO_FAILURE;;;NO_FAILURE;;
Test_427;OPENSTACK_WRONG_RETURN_VALUE-INSTANCE;/nova/db/sqlalchemy/api.py;DeleteFromSelect;_ec2_instance_get_query+6273;return model_query(context, models.InstanceIdMapping, read_deleted='yes');FAILURE;FAILURE_INSTANCE_ACTIVE;;NO_FAILURE;;
Test_428;OPENSTACK_WRONG_RETURN_VALUE-INSTANCE;/nova/db/sqlalchemy/api.py;DeleteFromSelect;instance_fault_get_by_instance_uuids+6075;return output;NO_FAILURE;;;NO_FAILURE;;
Test_429;OPENSTACK_WRONG_RETURN_VALUE-INSTANCE;/nova/db/sqlalchemy/api.py;DeleteFromSelect;instance_update_and_get_original+2665;return (copy.copy(instance_ref), _instance_update(context, instance_uuid, values, expected, original=instance_ref));FAILURE;FAILURE_INSTANCE_ACTIVE;;NO_FAILURE;;
Test_430;OPENSTACK_WRONG_RETURN_VALUE-INSTANCE;/nova/db/sqlalchemy/api.py;DeleteFromSelect;_instance_update+2816;return instance_ref;FAILURE;FAILURE_INSTANCE_ACTIVE;;NO_FAILURE;;
Test_431;OPENSTACK_WRONG_RETURN_VALUE-INSTANCE;/nova/db/sqlalchemy/api.py;DeleteFromSelect;instance_info_cache_update+2890;return info_cache;FAILURE;FAILURE_INSTANCE_ACTIVE;;NO_FAILURE;;
Test_432;OPENSTACK_WRONG_RETURN_VALUE-INSTANCE;/nova/db/sqlalchemy/api.py;DeleteFromSelect;_instance_system_metadata_get_multi+5365;return [];FAILURE;FAILURE_INSTANCE_ACTIVE;;NO_FAILURE;;
Test_433;OPENSTACK_WRONG_PARAMETERS-INSTANCE;/nova/api/openstack/compute/servers.py;ServersController;create+637;req.cache_db_instances(instances);FAILURE;; openstack server create ;NO_FAILURE;;
Test_434;OPENSTACK_WRONG_PARAMETERS-NETWORK;/nova/compute/manager.py;ComputeManager;_shutdown_instance+2333;self._try_deallocate_network(context, instance, requested_networks);NO_FAILURE;;;NO_FAILURE;;
Test_435;OPENSTACK_WRONG_PARAMETERS-INSTANCE;/nova/objects/build_request.py;BuildRequest;_from_db_object+162;req._load_instance(db_req['instance']);FAILURE;; openstack server create ;FAILURE;FAILURE_INSTANCE_ACTIVE;
Test_436;OPENSTACK_WRONG_PARAMETERS-INSTANCE;/nova/objects/instance.py;Instance;_handle_cell_update_from_api+749;db.instance_extra_update_by_uuid(context, self.uuid, self._extra_values_to_save);FAILURE;FAILURE_INSTANCE_ACTIVE;;NO_FAILURE;;
Test_437;OPENSTACK_WRONG_PARAMETERS-INSTANCE;/nova/db/sqlalchemy/api.py;DeleteFromSelect;_get_sec_group_models+1830;ec2_instance_create(context, instance_ref['uuid']);FAILURE;FAILURE_INSTANCE_ACTIVE;;FAILURE;FAILURE_INSTANCE_ACTIVE;
Test_438;OPENSTACK_WRONG_PARAMETERS-INSTANCE;/nova/db/sqlalchemy/api.py;DeleteFromSelect;_instance_update+2811;_instance_metadata_update_in_place(context, instance_ref, 'system_metadata', models.InstanceSystemMetadata, system_metadata);FAILURE;FAILURE_INSTANCE_ACTIVE;;NO_FAILURE;;
Test_439;OPENSTACK_WRONG_PARAMETERS-INSTANCE;/nova/api/openstack/compute/servers.py;ServersController;_get_server+347;req.cache_db_instance(instance);FAILURE;; openstack server create ;NO_FAILURE;;